Frame,T,Ngrid,x_center,y_center,number_density,mean_velocity_X,mean_velocity_Y,mean_radius,mean_area
0.0,0.0,0.0,97.00552303932531,1499.8133053221288,11.0,-4.456690821634378,6.129161659041478,20.61608457927826,1346.9545454545453
0.0,0.0,1.0,225.04557906173426,1499.8133053221288,9.0,-5.38530425335715,3.698459879973699,21.392382875512375,1479.0
0.0,0.0,2.0,353.08563508414323,1499.8133053221288,12.0,-5.877259693489339,5.530093130128452,17.99983542540783,1038.8333333333333
0.0,0.0,3.0,481.12569110655215,1499.8133053221288,12.0,-6.200025365567957,3.494590649197221,20.272513852557445,1321.0
0.0,0.0,4.0,609.165747128961,1499.8133053221288,9.0,-3.579738315322705,1.6081590023389556,20.567919915079916,1360.6111111111113
0.0,0.0,5.0,737.20580315137,1499.8133053221288,17.0,-5.0101096004461,3.9019112602049972,17.34657676670107,969.6470588235294
0.0,0.0,6.0,865.2458591737789,1499.8133053221288,15.0,-4.877901798708584,5.053745603740838,18.303450568054,1069.4
0.0,0.0,7.0,993.2859151961878,1499.8133053221288,9.0,-4.721091537301466,7.863785804540182,21.28989698938696,1431.1111111111113
0.0,0.0,8.0,1121.3259712185968,1499.8133053221288,15.0,-5.271242479273042,3.4910843408026895,18.927958394766645,1153.7666666666667
0.0,0.0,9.0,1249.3660272410057,1499.8133053221288,13.0,-5.82123623475051,0.9280841714172917,18.86211976874769,1149.5
0.0,0.0,10.0,1377.4060832634148,1499.8133053221288,12.0,-9.628415418852304,6.28058445150081,20.72899766211263,1383.4166666666667
0.0,0.0,11.0,1505.4461392858236,1499.8133053221288,17.0,-7.369682609180643,6.536822409618139,17.384079445683867,958.0
0.0,0.0,12.0,1633.4861953082325,1499.8133053221288,13.0,-6.363089394660695,3.63461618059182,19.724759144911467,1264.3076923076924
0.0,0.0,13.0,1761.5262513306416,1499.8133053221288,9.0,-5.33624157183355,3.393238951974177,20.311899269100042,1311.4444444444443
0.0,0.0,14.0,1889.5663073530507,1499.8133053221288,12.0,-4.063378429998276,3.7177110343573836,19.678367855843767,1267.1666666666667
0.0,0.0,15.0,97.00552303932531,1371.7732492997197,10.0,-4.2535083060910495,7.655785010808131,22.107761635248426,1557.7499999999998
0.0,0.0,16.0,225.04557906173426,1371.7732492997197,16.0,-3.965421118625642,5.744959045513269,19.380471804389003,1203.3437499999998
0.0,0.0,17.0,353.08563508414323,1371.7732492997197,16.0,-3.5588334791001444,5.217041081980113,18.633211206188243,1128.28125
0.0,0.0,18.0,481.12569110655215,1371.7732492997197,12.0,-1.6136923877940508,4.404745765269126,19.044804481283162,1153.7916666666667
0.0,0.0,19.0,609.165747128961,1371.7732492997197,10.0,-3.8209238231490645,5.332181151613031,24.230727942420295,1863.6
0.0,0.0,20.0,737.20580315137,1371.7732492997197,15.0,-3.387968025563411,5.934130314927491,18.36409378968971,1085.4666666666667
0.0,0.0,21.0,865.2458591737789,1371.7732492997197,14.0,-4.37231567684978,4.268826253318496,19.59251758802615,1238.3214285714287
0.0,0.0,22.0,993.2859151961878,1371.7732492997197,12.0,-6.056884713133286,6.972234544177657,20.080934172820175,1277.25
0.0,0.0,23.0,1121.3259712185968,1371.7732492997197,13.0,-3.7369751369564117,0.7221366624189264,20.34909024952665,1324.2307692307693
0.0,0.0,24.0,1249.3660272410057,1371.7732492997197,15.0,-5.955422828561647,3.3516194214378325,17.801008175317193,1038.0
0.0,0.0,25.0,1377.4060832634148,1371.7732492997197,11.0,-8.12794175158433,5.777604057360515,20.043433656090123,1279.1818181818182
0.0,0.0,26.0,1505.4461392858236,1371.7732492997197,13.0,-8.123334111661979,5.794552964427287,18.185430134458848,1051.4615384615386
0.0,0.0,27.0,1633.4861953082325,1371.7732492997197,12.0,-6.108010207496174,4.6735193370671295,20.141707331467625,1334.8749999999998
0.0,0.0,28.0,1761.5262513306416,1371.7732492997197,13.0,-7.967425117220993,3.505832871176684,18.977949369385424,1141.9615384615386
0.0,0.0,29.0,1889.5663073530507,1371.7732492997197,14.0,-3.3174818333956995,3.8882360738508788,18.88386547888774,1148.392857142857
0.0,0.0,30.0,97.00552303932531,1243.7331932773109,13.0,-4.592468658125641,4.841986025577101,19.799274764614232,1249.0384615384614
0.0,0.0,31.0,225.04557906173426,1243.7331932773109,13.0,-5.467762651811077,5.001757289653107,19.604917992133384,1236.5
0.0,0.0,32.0,353.08563508414323,1243.7331932773109,17.0,-5.230625375053912,5.234885638034537,17.52647049887308,988.0294117647059
0.0,0.0,33.0,481.12569110655215,1243.7331932773109,11.0,-6.156921798131055,6.767222285069858,20.800920044833905,1404.6818181818182
0.0,0.0,34.0,609.165747128961,1243.7331932773109,15.0,-3.6826045207887548,4.7126140796029174,17.191715083403203,987.3666666666667
0.0,0.0,35.0,737.20580315137,1243.7331932773109,16.0,-5.00875838758769,5.658865259564067,18.32006977381274,1069.59375
0.0,0.0,36.0,865.2458591737789,1243.7331932773109,16.0,-4.614644665971525,4.630365039160353,18.270075332700653,1074.15625
0.0,0.0,37.0,993.2859151961878,1243.7331932773109,18.0,-4.683854810345231,6.071512453395425,16.253563590236727,845.4166666666666
0.0,0.0,38.0,1121.3259712185968,1243.7331932773109,13.0,-4.311039062409866,3.289003223816088,20.814082158856063,1378.3846153846155
0.0,0.0,39.0,1249.3660272410057,1243.7331932773109,15.0,-6.370938170285536,4.93582225337162,18.816716074154947,1120.4
0.0,0.0,40.0,1377.4060832634148,1243.7331932773109,12.0,-7.6694705240424055,6.291564718201812,21.31372698850466,1440.2916666666667
0.0,0.0,41.0,1505.4461392858236,1243.7331932773109,11.0,-8.187683834845716,6.682324446205092,21.19734989059069,1455.2727272727273
0.0,0.0,42.0,1633.4861953082325,1243.7331932773109,13.0,-6.36513120297919,6.688665505607598,19.413804899518123,1212.8461538461538
0.0,0.0,43.0,1761.5262513306416,1243.7331932773109,14.0,-6.086349694269335,6.226039620678811,21.552156926288326,1517.642857142857
0.0,0.0,44.0,1889.5663073530507,1243.7331932773109,12.0,-2.3740986168807012,8.014133015466882,20.61989616127713,1363.5833333333333
0.0,0.0,45.0,97.00552303932531,1115.693137254902,15.0,-7.020752104306963,6.144131133886488,18.94007324624936,1147.3666666666666
0.0,0.0,46.0,225.04557906173426,1115.693137254902,16.0,-6.806159126333522,4.067905437843081,18.074274288159067,1042.21875
0.0,0.0,47.0,353.08563508414323,1115.693137254902,17.0,-3.4388940841118405,3.1707118117639017,16.827744953712422,913.5588235294117
0.0,0.0,48.0,481.12569110655215,1115.693137254902,10.0,-4.7651516067532045,2.6855165907447827,20.49021616304246,1342.75
0.0,0.0,49.0,609.165747128961,1115.693137254902,19.0,-3.2837279272073374,4.634368617115342,17.245159084816866,949.5
0.0,0.0,50.0,737.20580315137,1115.693137254902,16.0,-4.594499089262324,4.872051313984442,17.629266841432788,995.28125
0.0,0.0,51.0,865.2458591737789,1115.693137254902,14.0,-5.856840180757392,7.643880273668296,19.51439720072179,1222.9285714285713
0.0,0.0,52.0,993.2859151961878,1115.693137254902,15.0,-2.746452899350548,8.444493275843213,17.506049317287715,1007.4666666666667
0.0,0.0,53.0,1121.3259712185968,1115.693137254902,16.0,-4.864050570931909,6.784033222052955,18.784011832158058,1118.65625
0.0,0.0,54.0,1249.3660272410057,1115.693137254902,18.0,-7.001842712866619,6.433234650370094,16.52473953844701,884.8888888888889
0.0,0.0,55.0,1377.4060832634148,1115.693137254902,13.0,-7.864568291705172,6.142406825607255,20.73261857684613,1359.3846153846155
0.0,0.0,56.0,1505.4461392858236,1115.693137254902,12.0,-9.050477888922805,6.452783051728147,21.286706591583577,1446.1666666666667
0.0,0.0,57.0,1633.4861953082325,1115.693137254902,11.0,-5.383193429840586,3.504412109484292,21.560066246510704,1485.8181818181818
0.0,0.0,58.0,1761.5262513306416,1115.693137254902,13.0,-4.144457941405003,2.5229151556821026,18.12075255511847,1043.6923076923076
0.0,0.0,59.0,1889.5663073530507,1115.693137254902,13.0,-6.100857262002732,4.154365505203959,19.775527431479016,1246.1923076923076
0.0,0.0,60.0,97.00552303932531,987.6530812324929,15.0,-4.651044045888326,4.923878110937979,19.176385545554467,1181.6
0.0,0.0,61.0,225.04557906173426,987.6530812324929,12.0,-7.793459942925641,3.2960671440616047,21.08383862334175,1411.5416666666667
0.0,0.0,62.0,353.08563508414323,987.6530812324929,17.0,-3.604750838425549,1.9882729138147999,17.612543706684356,1006.2352941176471
0.0,0.0,63.0,481.12569110655215,987.6530812324929,12.0,-5.420994737265873,4.974634616848892,19.601448886657007,1250.125
0.0,0.0,64.0,609.165747128961,987.6530812324929,14.0,-5.027347733957981,4.058695735506246,19.34783423651887,1193.0357142857142
0.0,0.0,65.0,737.20580315137,987.6530812324929,16.0,-5.531333491498231,7.059713285943985,19.00831693820671,1161.21875
0.0,0.0,66.0,865.2458591737789,987.6530812324929,18.0,-3.0947039108954186,6.7392848271340675,16.271230264270635,851.4444444444445
0.0,0.0,67.0,993.2859151961878,987.6530812324929,16.0,-4.6506021476519805,7.721437668624986,18.09222977395981,1039.65625
0.0,0.0,68.0,1121.3259712185968,987.6530812324929,14.0,-5.595777794586444,7.400647277822633,17.570008354403424,990.3928571428571
0.0,0.0,69.0,1249.3660272410057,987.6530812324929,17.0,-6.267733988266012,7.760260777821753,18.016273498762878,1033.7058823529412
0.0,0.0,70.0,1377.4060832634148,987.6530812324929,15.0,-7.044990987742494,5.955023025903382,17.998522400835117,1035.0333333333333
0.0,0.0,71.0,1505.4461392858236,987.6530812324929,19.0,-7.707327261735204,5.873734860254217,16.298231838469302,852.9736842105264
0.0,0.0,72.0,1633.4861953082325,987.6530812324929,11.0,-8.713968547195774,2.4856928635872673,21.689991337885566,1529.7272727272727
0.0,0.0,73.0,1761.5262513306416,987.6530812324929,13.0,-5.2585676868475275,1.48678405046651,19.697629565886476,1276.2692307692307
0.0,0.0,74.0,1889.5663073530507,987.6530812324929,14.0,-7.399197777456493,0.8558477229392208,18.730187785891726,1120.357142857143
0.0,0.0,75.0,97.00552303932531,859.613025210084,8.0,-1.259063838768128,6.5332443575385435,22.357274616401043,1654.6875000000002
0.0,0.0,76.0,225.04557906173426,859.613025210084,12.0,-6.414130215523006,5.531227299200551,19.965807675119954,1289.4583333333333
0.0,0.0,77.0,353.08563508414323,859.613025210084,13.0,-5.12950259313005,3.1935057774297864,20.085074276983434,1317.5
0.0,0.0,78.0,481.12569110655215,859.613025210084,14.0,-6.439680408273197,4.513774850997232,19.409904448649122,1209.392857142857
0.0,0.0,79.0,609.165747128961,859.613025210084,11.0,-6.992211071299173,3.063600410409518,20.927544603093466,1403.409090909091
0.0,0.0,80.0,737.20580315137,859.613025210084,12.0,-5.499306430471165,5.93255186807329,19.572006284679162,1215.125
0.0,0.0,81.0,865.2458591737789,859.613025210084,18.0,-3.789940180171858,6.206025540061639,17.616336498370266,1010.2777777777778
0.0,0.0,82.0,993.2859151961878,859.613025210084,11.0,-4.112819823254416,4.9313274364107285,21.65157914237687,1501.4545454545455
0.0,0.0,83.0,1121.3259712185968,859.613025210084,11.0,-6.8839381081344815,8.84381268308942,21.4022743507658,1464.6363636363637
0.0,0.0,84.0,1249.3660272410057,859.613025210084,11.0,-6.93724786311263,7.119529479291859,20.46951117640422,1342.2727272727273
0.0,0.0,85.0,1377.4060832634148,859.613025210084,10.0,-6.953694394122794,4.864466705499126,22.84783335779654,1652.85
0.0,0.0,86.0,1505.4461392858236,859.613025210084,11.0,-8.02031720391332,4.650501587119317,20.110978928951504,1313.3181818181818
0.0,0.0,87.0,1633.4861953082325,859.613025210084,11.0,-8.87356348427391,3.645730842617199,19.438850067986927,1245.0
0.0,0.0,88.0,1761.5262513306416,859.613025210084,16.0,-7.060666360230486,3.169549445569146,18.72191781030496,1134.78125
0.0,0.0,89.0,1889.5663073530507,859.613025210084,16.0,-5.3531021983062885,1.5196361990667953,18.433482836801183,1114.375
0.0,0.0,90.0,97.00552303932531,731.572969187675,11.0,-3.8719643691561316,7.365066914125753,21.880995790066034,1517.772727272728
0.0,0.0,91.0,225.04557906173426,731.572969187675,11.0,-3.33873138117508,8.053250561259553,22.0496676874748,1559.3636363636363
0.0,0.0,92.0,353.08563508414323,731.572969187675,15.0,-3.810675203030102,3.623680849188956,18.76315895863795,1137.3333333333333
0.0,0.0,93.0,481.12569110655215,731.572969187675,15.0,-7.942820609393774,2.342165826759477,18.53994144487335,1098.3666666666666
0.0,0.0,94.0,609.165747128961,731.572969187675,13.0,-7.963010925477857,1.9789890928544327,19.661912233733723,1222.3076923076924
0.0,0.0,95.0,737.20580315137,731.572969187675,11.0,-5.9050559036779555,4.7969095321974775,21.21597554313913,1432.590909090909
0.0,0.0,96.0,865.2458591737789,731.572969187675,17.0,-4.411295689105962,6.357753142464041,16.745393957787496,888.0588235294117
0.0,0.0,97.0,993.2859151961878,731.572969187675,13.0,-4.023950879391543,4.397391628901075,19.928378302798475,1267.5
0.0,0.0,98.0,1121.3259712185968,731.572969187675,11.0,-3.175864797958349,4.922002181850055,20.179904933623916,1294.1818181818182
0.0,0.0,99.0,1249.3660272410057,731.572969187675,14.0,-5.739443223016516,5.496376342685624,20.13074824686488,1333.5714285714282
0.0,0.0,100.0,1377.4060832634148,731.572969187675,11.0,-7.865329784527727,6.561692868852643,20.915727330806018,1394.590909090909
0.0,0.0,101.0,1505.4461392858236,731.572969187675,13.0,-9.122971691477792,7.20266895659277,21.65988677319172,1493.8846153846155
0.0,0.0,102.0,1633.4861953082325,731.572969187675,11.0,-9.88668735952433,6.456610565765934,20.726736748610605,1371.5454545454545
0.0,0.0,103.0,1761.5262513306416,731.572969187675,12.0,-6.674173094713599,1.7095962392094368,22.134568693436453,1554.0
0.0,0.0,104.0,1889.5663073530507,731.572969187675,15.0,-4.783524842242332,4.647002618351507,16.744736477140215,916.3666666666667
0.0,0.0,105.0,97.00552303932531,603.532913165266,12.0,-2.6589437840319783,6.346327941339628,20.879180152061767,1403.375
0.0,0.0,106.0,225.04557906173426,603.532913165266,12.0,-1.7281890672147142,4.994812921199279,21.34694056164923,1445.375
0.0,0.0,107.0,353.08563508414323,603.532913165266,12.0,-4.143485189047671,1.8243837530921307,20.03470839272831,1277.0
0.0,0.0,108.0,481.12569110655215,603.532913165266,17.0,-8.147317345118308,1.7369526357159055,18.565723405431555,1115.8823529411766
0.0,0.0,109.0,609.165747128961,603.532913165266,11.0,-9.181395417271336,1.8207310793780338,21.95965558277105,1539.5
0.0,0.0,110.0,737.20580315137,603.532913165266,12.0,-9.372656035772858,2.4375048771525485,20.389979330140417,1354.375
0.0,0.0,111.0,865.2458591737789,603.532913165266,12.0,-8.298454627803133,4.473138361278529,21.845039434540144,1522.3333333333333
0.0,0.0,112.0,993.2859151961878,603.532913165266,15.0,-6.896869930437591,4.991158254368914,18.51641468453744,1109.8666666666666
0.0,0.0,113.0,1121.3259712185968,603.532913165266,14.0,-4.003876055292982,1.9904958122932774,18.76437020513745,1137.642857142857
0.0,0.0,114.0,1249.3660272410057,603.532913165266,15.0,-5.171131539311682,4.572522788653335,18.716414228918428,1125.7666666666667
0.0,0.0,115.0,1377.4060832634148,603.532913165266,13.0,-6.832485903536858,5.00924585452603,19.68234213949233,1261.2692307692307
0.0,0.0,116.0,1505.4461392858236,603.532913165266,13.0,-7.571136664260114,7.003063978886216,19.461322623583587,1215.0384615384614
0.0,0.0,117.0,1633.4861953082325,603.532913165266,12.0,-8.046456403705974,5.860088066940989,21.611716603296937,1499.4166666666667
0.0,0.0,118.0,1761.5262513306416,603.532913165266,13.0,-2.9061906406548133,3.073780520500653,17.17867501131084,953.1538461538462
0.0,0.0,119.0,1889.5663073530507,603.532913165266,14.0,-3.56195267149395,3.362338569628911,19.9130422430639,1298.75
0.0,0.0,120.0,97.00552303932531,475.4928571428571,14.0,-0.6858160630315515,6.108896854810171,18.551376597850325,1100.5714285714287
0.0,0.0,121.0,225.04557906173426,475.4928571428571,15.0,-3.9902825809281506,3.1803349667253693,19.23836870547115,1184.6333333333334
0.0,0.0,122.0,353.08563508414323,475.4928571428571,14.0,-4.908501872062053,1.8425841983732556,19.738811965016236,1247.9642857142858
0.0,0.0,123.0,481.12569110655215,475.4928571428571,12.0,-5.906722071932666,1.2063746504088717,18.020271347014923,1047.4583333333333
0.0,0.0,124.0,609.165747128961,475.4928571428571,11.0,-9.742491009660212,2.200796150818085,20.954683969343698,1415.409090909091
0.0,0.0,125.0,737.20580315137,475.4928571428571,13.0,-8.87132682737386,6.121441823956336,20.822665047889124,1397.3846153846155
0.0,0.0,126.0,865.2458591737789,475.4928571428571,10.0,-10.178245905204495,4.699659539240633,21.996364821980578,1528.8999999999999
0.0,0.0,127.0,993.2859151961878,475.4928571428571,12.0,-5.988622326732847,4.092795738389914,19.288021556881755,1195.25
0.0,0.0,128.0,1121.3259712185968,475.4928571428571,20.0,-3.5176217541980805,1.242907387320446,16.9455595135426,921.575
0.0,0.0,129.0,1249.3660272410057,475.4928571428571,18.0,-5.2350717814930094,2.8564954493296253,15.914467926034124,821.6111111111111
0.0,0.0,130.0,1377.4060832634148,475.4928571428571,12.0,-5.979374767466386,4.600929450574493,20.88185699513265,1401.2916666666667
0.0,0.0,131.0,1505.4461392858236,475.4928571428571,16.0,-6.407201844908542,4.059733864148299,16.519319067544828,882.7499999999999
0.0,0.0,132.0,1633.4861953082325,475.4928571428571,20.0,-3.693427132438022,5.019858423202855,17.34085491045055,970.25
0.0,0.0,133.0,1761.5262513306416,475.4928571428571,13.0,-3.8260798074938975,3.9146078271346245,20.909304359649276,1396.076923076923
0.0,0.0,134.0,1889.5663073530507,475.4928571428571,16.0,-4.347692453044971,2.890580890665568,17.619061583091206,1014.5625
0.0,0.0,135.0,97.00552303932531,347.4528011204482,11.0,-5.456819666023449,4.846113248524964,22.132373176346306,1573.0454545454543
0.0,0.0,136.0,225.04557906173426,347.4528011204482,10.0,-6.274033587012082,5.04795383169178,21.115731368730334,1446.35
0.0,0.0,137.0,353.08563508414323,347.4528011204482,13.0,-5.502184417771489,4.108816520192267,19.434773285952076,1217.5384615384614
0.0,0.0,138.0,481.12569110655215,347.4528011204482,14.0,-5.035554114361759,-0.04929995381142286,20.392431441231217,1330.4285714285713
0.0,0.0,139.0,609.165747128961,347.4528011204482,14.0,-7.548400676930393,2.1472365937686226,19.011405074554396,1157.75
0.0,0.0,140.0,737.20580315137,347.4528011204482,13.0,-7.141543288911285,3.3964139392717243,19.673293445332323,1265.0384615384614
0.0,0.0,141.0,865.2458591737789,347.4528011204482,14.0,-7.531777711520427,5.72862407360496,17.918083850792943,1018.9642857142857
0.0,0.0,142.0,993.2859151961878,347.4528011204482,13.0,-5.541706757302861,3.828425298914672,18.759937007563245,1124.423076923077
0.0,0.0,143.0,1121.3259712185968,347.4528011204482,21.0,-5.156293261157771,2.704535012459316,16.03017238290865,842.0
0.0,0.0,144.0,1249.3660272410057,347.4528011204482,19.0,-6.570782201081449,4.237539112207401,16.675524500091917,883.9736842105264
0.0,0.0,145.0,1377.4060832634148,347.4528011204482,15.0,-5.872591816895905,5.0233585066427775,19.124983638610047,1182.1333333333334
0.0,0.0,146.0,1505.4461392858236,347.4528011204482,14.0,-5.335248689123513,2.174521913448018,19.165647769138484,1178.5714285714287
0.0,0.0,147.0,1633.4861953082325,347.4528011204482,17.0,-5.13016046529583,3.5959022270015017,16.725212024365486,900.3529411764706
0.0,0.0,148.0,1761.5262513306416,347.4528011204482,10.0,-4.211207795841074,4.007628925068081,21.2050938163566,1437.65
0.0,0.0,149.0,1889.5663073530507,347.4528011204482,12.0,-2.526223552470924,5.554364859888949,19.5559440158406,1224.2916666666667
0.0,0.0,150.0,97.00552303932531,219.41274509803912,12.0,-6.070115536364436,5.1904349103199126,18.76003171446938,1119.25
0.0,0.0,151.0,225.04557906173426,219.41274509803912,13.0,-5.8649373580753075,5.548685880071455,20.205206037978467,1319.3461538461538
0.0,0.0,152.0,353.08563508414323,219.41274509803912,16.0,-4.370403980541967,4.833927919405426,18.601368414925084,1124.96875
0.0,0.0,153.0,481.12569110655215,219.41274509803912,10.0,-7.586890670772346,3.357138159165328,22.644588062755634,1638.65
0.0,0.0,154.0,609.165747128961,219.41274509803912,10.0,-7.889009023392054,3.3415860311512744,21.128566441121155,1420.4
0.0,0.0,155.0,737.20580315137,219.41274509803912,12.0,-8.117531587825965,2.103472611230709,20.85990853512654,1383.333333333333
0.0,0.0,156.0,865.2458591737789,219.41274509803912,12.0,-6.45509536336461,2.7716504744364605,20.67825600888852,1361.75
0.0,0.0,157.0,993.2859151961878,219.41274509803912,13.0,-6.284990525972524,6.6652199461233295,20.25126348116804,1360.8461538461538
0.0,0.0,158.0,1121.3259712185968,219.41274509803912,14.0,-5.205596429155635,2.5551231428831764,19.287800901527532,1185.7142857142858
0.0,0.0,159.0,1249.3660272410057,219.41274509803912,12.0,-5.703313858013,4.999775021261537,19.540483281179775,1214.5
0.0,0.0,160.0,1377.4060832634148,219.41274509803912,17.0,-3.180899074566589,6.03961292036643,18.032616904700802,1052.0
0.0,0.0,161.0,1505.4461392858236,219.41274509803912,13.0,-4.205971839067691,3.770670139845554,20.583876551265156,1409.0769230769229
0.0,0.0,162.0,1633.4861953082325,219.41274509803912,16.0,-3.543397736449265,3.826860595622943,18.435333848287208,1108.0625
0.0,0.0,163.0,1761.5262513306416,219.41274509803912,14.0,-4.236873613922041,5.078189601775506,19.436972804093386,1223.0714285714287
0.0,0.0,164.0,1889.5663073530507,219.41274509803912,14.0,-2.036230406134856,6.596993179069496,18.709744768631033,1135.75
0.0,0.0,165.0,97.00552303932531,91.37268907563025,8.0,-4.320466689805341,4.381186969356802,17.806052477977502,1002.75
0.0,0.0,166.0,225.04557906173426,91.37268907563025,11.0,-4.347861840933991,3.2905706330961806,21.120226548729214,1407.6363636363637
0.0,0.0,167.0,353.08563508414323,91.37268907563025,11.0,-6.7545138545510985,5.536888091498664,20.76536095650745,1369.6818181818182
0.0,0.0,168.0,481.12569110655215,91.37268907563025,10.0,-8.55262203103456,6.644416554851905,20.402941929236768,1338.7
0.0,0.0,169.0,609.165747128961,91.37268907563025,12.0,-6.896853975669653,4.6838381507372695,20.8956962904025,1389.2083333333333
0.0,0.0,170.0,737.20580315137,91.37268907563025,12.0,-5.368553780227178,3.558669560781387,19.474874542653982,1214.8333333333333
0.0,0.0,171.0,865.2458591737789,91.37268907563025,11.0,-5.797531726956591,1.4552215030381965,22.161342153023075,1586.409090909091
0.0,0.0,172.0,993.2859151961878,91.37268907563025,8.0,-4.952477707545995,4.984706981351225,21.387665475228495,1492.625
0.0,0.0,173.0,1121.3259712185968,91.37268907563025,14.0,-5.760534629920032,3.013776900045554,19.543516592864773,1210.75
0.0,0.0,174.0,1249.3660272410057,91.37268907563025,16.0,-4.633611774943944,6.363417051536419,17.590092776161843,1026.84375
0.0,0.0,175.0,1377.4060832634148,91.37268907563025,10.0,-5.629431496979123,4.934783920764955,21.99484120211485,1584.75
0.0,0.0,176.0,1505.4461392858236,91.37268907563025,10.0,-5.118533104744529,2.9935640129104457,19.544212052495947,1233.0
0.0,0.0,177.0,1633.4861953082325,91.37268907563025,9.0,-2.2293887841145383,3.5277157499038685,20.988630903777782,1410.2222222222226
0.0,0.0,178.0,1761.5262513306416,91.37268907563025,14.0,-1.6896965117921678,3.145639436047969,19.247933380209304,1225.142857142857
0.0,0.0,179.0,1889.5663073530507,91.37268907563025,16.0,-3.5450698167637995,3.8874478442762204,17.98795214245816,1053.5
1.0,0.5,0.0,97.00552303932531,1499.8133053221288,9.0,0.765584128263945,6.774124972261234,20.686329127879894,1357.6666666666667
1.0,0.5,1.0,225.04557906173426,1499.8133053221288,10.0,-5.727872960880933,-0.9061210117136851,20.665881634536525,1389.05
1.0,0.5,2.0,353.08563508414323,1499.8133053221288,13.0,7.08621458965435,2.932845919438023,18.467268214564264,1088.6923076923076
1.0,0.5,3.0,481.12569110655215,1499.8133053221288,11.0,3.507036549804845,-0.5364354138485975,19.860694223739337,1271.1363636363637
1.0,0.5,4.0,609.165747128961,1499.8133053221288,13.0,-8.167465452836268,5.5901799226943085,19.947059671740984,1273.5
1.0,0.5,5.0,737.20580315137,1499.8133053221288,17.0,-0.060443824404671886,-2.384709573234943,15.96506995994816,831.1176470588235
1.0,0.5,6.0,865.2458591737789,1499.8133053221288,14.0,-3.914789965783533,-4.3246700035280945,18.547548262806156,1096.3214285714284
1.0,0.5,7.0,993.2859151961878,1499.8133053221288,10.0,-4.312775467156393,-0.47300440817498385,20.753482658515544,1372.3
1.0,0.5,8.0,1121.3259712185968,1499.8133053221288,14.0,-3.1082652551284085,-7.194780499679252,19.541814167951426,1225.392857142857
1.0,0.5,9.0,1249.3660272410057,1499.8133053221288,11.0,0.3498782826719351,3.0635237663385935,19.24672301041963,1185.2727272727273
1.0,0.5,10.0,1377.4060832634148,1499.8133053221288,13.0,-5.630088186837418,2.136304655700209,20.202561544172802,1312.6538461538462
1.0,0.5,11.0,1505.4461392858236,1499.8133053221288,16.0,-2.6110181781588717,6.436697157766417,17.50458130923225,973.75
1.0,0.5,12.0,1633.4861953082325,1499.8133053221288,11.0,3.4733273559765867,2.711602758980503,20.333965142406818,1346.0454545454545
1.0,0.5,13.0,1761.5262513306416,1499.8133053221288,10.0,1.2257608986444213,-0.18443333601853737,19.780202007181252,1249.1
1.0,0.5,14.0,1889.5663073530507,1499.8133053221288,11.0,4.20812907274314,1.1545594942831072,20.296032117695432,1332.3636363636363
1.0,0.5,15.0,97.00552303932531,1371.7732492997197,10.0,0.498285097123334,-9.089035605924073,21.895274538608835,1531.75
1.0,0.5,16.0,225.04557906173426,1371.7732492997197,15.0,-0.071380314921691,1.1766297083321662,19.65552527464341,1243.9
1.0,0.5,17.0,353.08563508414323,1371.7732492997197,15.0,-2.1552839383701516,0.5863083063847927,18.46457208603008,1107.3666666666666
1.0,0.5,18.0,481.12569110655215,1371.7732492997197,13.0,0.20345306316251813,-2.0955126475278116,18.128554291828998,1052.6538461538462
1.0,0.5,19.0,609.165747128961,1371.7732492997197,9.0,3.9182520963991516,-0.6505696663103764,23.994598145279564,1831.0555555555557
1.0,0.5,20.0,737.20580315137,1371.7732492997197,14.0,-2.9476165076707406,6.239674646062797,18.089614845887997,1045.75
1.0,0.5,21.0,865.2458591737789,1371.7732492997197,15.0,-4.971509717819814,2.814769906660725,19.521976462513294,1228.8666666666666
1.0,0.5,22.0,993.2859151961878,1371.7732492997197,11.0,-9.499793365171193,3.1772069895445885,20.350872405422763,1309.3181818181818
1.0,0.5,23.0,1121.3259712185968,1371.7732492997197,15.0,-0.6135669282135987,-0.6530748458066085,19.12739039293616,1184.7333333333333
1.0,0.5,24.0,1249.3660272410057,1371.7732492997197,16.0,-1.4276787902046806,5.737531323697425,17.74450729125663,1025.5
1.0,0.5,25.0,1377.4060832634148,1371.7732492997197,11.0,-6.9306079848863025,0.7473922593379195,20.155756231970813,1297.318181818182
1.0,0.5,26.0,1505.4461392858236,1371.7732492997197,14.0,-2.137992495248519,4.261386705220924,18.011566409925297,1031.5
1.0,0.5,27.0,1633.4861953082325,1371.7732492997197,11.0,4.534985612507088,2.1737796424114006,20.866544390131047,1423.818181818182
1.0,0.5,28.0,1761.5262513306416,1371.7732492997197,14.0,-8.439080016065223,-1.1385722254830009,19.97454594846559,1271.4642857142858
1.0,0.5,29.0,1889.5663073530507,1371.7732492997197,15.0,3.40730750532166,5.074398915328796,19.106624840669053,1170.8333333333333
1.0,0.5,30.0,97.00552303932531,1243.7331932773109,13.0,-3.389422123801943,-8.096203843362218,19.76498420760533,1244.7692307692307
1.0,0.5,31.0,225.04557906173426,1243.7331932773109,13.0,1.7287036825880564,-3.442382301433589,19.20477657791803,1190.5
1.0,0.5,32.0,353.08563508414323,1243.7331932773109,17.0,0.9760064809594804,3.754121392222955,17.54305374061699,991.2941176470588
1.0,0.5,33.0,481.12569110655215,1243.7331932773109,13.0,3.7475459460544367,-0.6787714680123407,20.450573936010407,1345.5384615384614
1.0,0.5,34.0,609.165747128961,1243.7331932773109,15.0,-3.1686487659082863,0.5374025437242077,17.0903678984762,968.0
1.0,0.5,35.0,737.20580315137,1243.7331932773109,15.0,-4.452819514222528,2.2244481316824323,18.12840710303614,1045.2
1.0,0.5,36.0,865.2458591737789,1243.7331932773109,16.0,-4.2703891049041545,4.575878774121179,18.171434280715715,1061.96875
1.0,0.5,37.0,993.2859151961878,1243.7331932773109,17.0,5.275303340327876,-2.4454941292781447,16.777854358055453,892.2647058823529
1.0,0.5,38.0,1121.3259712185968,1243.7331932773109,13.0,0.563190845014665,-1.406112533361466,20.271007412355363,1328.1923076923076
1.0,0.5,39.0,1249.3660272410057,1243.7331932773109,14.0,-7.188979156236103,3.1744216155186677,18.75388806585517,1113.9285714285713
1.0,0.5,40.0,1377.4060832634148,1243.7331932773109,12.0,-1.4608128416737902,-4.53596532745352,21.237373988540355,1428.6666666666667
1.0,0.5,41.0,1505.4461392858236,1243.7331932773109,11.0,-7.879043513588385,2.8970949396033245,21.191292653232416,1455.5
1.0,0.5,42.0,1633.4861953082325,1243.7331932773109,15.0,2.1443507147443728,1.0376856828818621,19.447444033725514,1206.4666666666667
1.0,0.5,43.0,1761.5262513306416,1243.7331932773109,11.0,-1.4405466572094072,4.888633203104994,21.696565207485737,1546.2272727272727
1.0,0.5,44.0,1889.5663073530507,1243.7331932773109,12.0,-8.491075226831791,-1.8444318299148108,19.598167344754163,1237.7083333333333
1.0,0.5,45.0,97.00552303932531,1115.693137254902,15.0,-3.7331999195470105,-1.7396649461515759,18.77632591165143,1123.9
1.0,0.5,46.0,225.04557906173426,1115.693137254902,16.0,-2.804168889789313,-3.791699034683546,18.595786236787347,1102.0625
1.0,0.5,47.0,353.08563508414323,1115.693137254902,18.0,-2.5260489012741925,0.6585296842378688,16.525027340568258,880.0555555555555
1.0,0.5,48.0,481.12569110655215,1115.693137254902,13.0,-0.5315561514538383,2.1664130209521946,19.6091886267073,1229.9615384615386
1.0,0.5,49.0,609.165747128961,1115.693137254902,17.0,-0.08791185804507737,0.7795002960695672,17.147258457314248,958.3235294117648
1.0,0.5,50.0,737.20580315137,1115.693137254902,15.0,1.2619648499308218,1.7803404742686324,18.20468500403676,1068.9333333333334
1.0,0.5,51.0,865.2458591737789,1115.693137254902,13.0,-0.4195458354651623,5.666757119582983,20.661365775716153,1355.2307692307693
1.0,0.5,52.0,993.2859151961878,1115.693137254902,15.0,2.708993972915914,4.686960530573864,18.282925932997447,1077.9666666666667
1.0,0.5,53.0,1121.3259712185968,1115.693137254902,18.0,2.999063071512784,-5.509818336823976,18.11309124200587,1046.0277777777778
1.0,0.5,54.0,1249.3660272410057,1115.693137254902,17.0,-3.443510413220873,1.2923857227567757,16.162705866334534,844.0294117647059
1.0,0.5,55.0,1377.4060832634148,1115.693137254902,13.0,2.3470556539107816,-1.5095039929516976,20.60700196974064,1347.076923076923
1.0,0.5,56.0,1505.4461392858236,1115.693137254902,12.0,-0.25992626577328765,1.50233948551742,21.345473495259228,1457.7916666666667
1.0,0.5,57.0,1633.4861953082325,1115.693137254902,11.0,-3.2023180398894966,2.4189832351894895,21.038852094813446,1413.5
1.0,0.5,58.0,1761.5262513306416,1115.693137254902,13.0,-0.7966625524792597,1.2377985818558885,18.17960331314514,1053.576923076923
1.0,0.5,59.0,1889.5663073530507,1115.693137254902,13.0,-6.077499121956232,-4.73924146035632,19.819510287081663,1247.1923076923076
1.0,0.5,60.0,97.00552303932531,987.6530812324929,17.0,-5.04820838496526,-0.628730704705049,18.875324071093974,1151.7058823529412
1.0,0.5,61.0,225.04557906173426,987.6530812324929,11.0,0.5432784484200813,3.5915116851467492,20.546140886358128,1337.1363636363637
1.0,0.5,62.0,353.08563508414323,987.6530812324929,16.0,-0.007347873651752934,2.093311675536171,17.317814208860298,980.875
1.0,0.5,63.0,481.12569110655215,987.6530812324929,12.0,1.8644666839034016,2.2667857806636675,20.59867586568014,1374.75
1.0,0.5,64.0,609.165747128961,987.6530812324929,15.0,-5.923710741936642,4.151537557992787,19.248422122890176,1181.1333333333334
1.0,0.5,65.0,737.20580315137,987.6530812324929,14.0,2.783912778517528,-0.9328928079586866,18.87951894631308,1153.4642857142858
1.0,0.5,66.0,865.2458591737789,987.6530812324929,18.0,2.375596797473501,-1.6202379954090955,16.39022814316654,865.4444444444445
1.0,0.5,67.0,993.2859151961878,987.6530812324929,16.0,-2.53681130215297,6.0945893855589475,17.955977700705652,1025.5
1.0,0.5,68.0,1121.3259712185968,987.6530812324929,14.0,0.652871320615824,-4.506127980096251,17.435787824444052,972.1071428571429
1.0,0.5,69.0,1249.3660272410057,987.6530812324929,16.0,-4.225207452615763,3.356041663454448,17.972204874468687,1029.125
1.0,0.5,70.0,1377.4060832634148,987.6530812324929,15.0,-5.289443270372431,-0.094199271229354,18.512142647493803,1091.5666666666666
1.0,0.5,71.0,1505.4461392858236,987.6530812324929,19.0,0.07873254486579954,-2.344977763591463,16.30873727104738,854.0526315789474
1.0,0.5,72.0,1633.4861953082325,987.6530812324929,10.0,-2.371763628440294,-4.7083045661689535,22.427887237031598,1614.1
1.0,0.5,73.0,1761.5262513306416,987.6530812324929,15.0,2.7638662746626936,0.8508716060350854,19.28414292277304,1227.7666666666667
1.0,0.5,74.0,1889.5663073530507,987.6530812324929,12.0,1.8199409593294906,3.4354742249404353,19.2693838786341,1190.0416666666667
1.0,0.5,75.0,97.00552303932531,859.613025210084,10.0,-3.7288435522764716,0.1926872521598849,22.2662254552124,1611.1
1.0,0.5,76.0,225.04557906173426,859.613025210084,11.0,1.3173081055860765,6.996402257559691,20.518614789003735,1368.3181818181818
1.0,0.5,77.0,353.08563508414323,859.613025210084,14.0,5.262798657594374,0.7744158545975617,19.911285620766055,1289.7499999999998
1.0,0.5,78.0,481.12569110655215,859.613025210084,14.0,-5.671976794617972,8.576551736194006,18.862700628918525,1144.3214285714287
1.0,0.5,79.0,609.165747128961,859.613025210084,11.0,-0.44446877472585755,-2.321468332985329,20.979585984237453,1415.9545454545455
1.0,0.5,80.0,737.20580315137,859.613025210084,12.0,3.6623848498087646,3.0134354640610277,19.557881826331123,1211.7083333333335
1.0,0.5,81.0,865.2458591737789,859.613025210084,17.0,-2.8636701397176694,6.115568529177595,18.323795048030792,1078.0294117647059
1.0,0.5,82.0,993.2859151961878,859.613025210084,11.0,7.281634254318885,4.138723003824907,21.85856068814148,1527.8636363636363
1.0,0.5,83.0,1121.3259712185968,859.613025210084,11.0,-1.1113693243494867,0.8894812517924451,21.250721453756125,1444.954545454545
1.0,0.5,84.0,1249.3660272410057,859.613025210084,11.0,-3.107086581658264,2.0210970775215595,20.504546264871678,1352.4545454545455
1.0,0.5,85.0,1377.4060832634148,859.613025210084,10.0,-6.407133759125145,7.303089857513237,22.743817436427868,1638.4
1.0,0.5,86.0,1505.4461392858236,859.613025210084,12.0,-3.5820407460136416,1.35181284889516,20.335334815256772,1328.5416666666667
1.0,0.5,87.0,1633.4861953082325,859.613025210084,15.0,0.8918829270242895,-0.5942787458562483,19.090962321061717,1185.8
1.0,0.5,88.0,1761.5262513306416,859.613025210084,14.0,4.4364162788494275,-0.2723502697828218,19.284397002854025,1218.25
1.0,0.5,89.0,1889.5663073530507,859.613025210084,16.0,-5.6669380310923145,2.887860127466283,18.298413009087398,1095.6875
1.0,0.5,90.0,97.00552303932531,731.572969187675,11.0,-1.1335751771025608,1.168776717918015,22.70536963615985,1639.909090909091
1.0,0.5,91.0,225.04557906173426,731.572969187675,10.0,-7.105950245854894,10.05502960649594,21.381104961572383,1462.6999999999998
1.0,0.5,92.0,353.08563508414323,731.572969187675,14.0,2.2368509475484672,5.020013245207987,18.98411998418661,1161.7857142857142
1.0,0.5,93.0,481.12569110655215,731.572969187675,16.0,-0.7969607851797207,6.4653986838576,17.94657451201414,1025.0312499999998
1.0,0.5,94.0,609.165747128961,731.572969187675,13.0,-8.239104428822692,-8.659534005871873,19.636887975135576,1218.076923076923
1.0,0.5,95.0,737.20580315137,731.572969187675,11.0,4.0332278220453395,5.138087921305069,21.48678128482569,1468.409090909091
1.0,0.5,96.0,865.2458591737789,731.572969187675,17.0,-7.202452917000702,3.2782419259727864,16.778494314384766,891.0294117647059
1.0,0.5,97.0,993.2859151961878,731.572969187675,13.0,-3.303550843872647,-0.820954933804632,19.968262087802316,1270.576923076923
1.0,0.5,98.0,1121.3259712185968,731.572969187675,12.0,-2.139434949027683,0.3765508506058565,20.39475833594831,1327.4166666666667
1.0,0.5,99.0,1249.3660272410057,731.572969187675,15.0,-3.4901469235381835,1.5765638870732952,19.974625711414323,1315.3333333333333
1.0,0.5,100.0,1377.4060832634148,731.572969187675,12.0,2.8114735041485424,1.7327207399961821,21.50553827741554,1471.208333333333
1.0,0.5,101.0,1505.4461392858236,731.572969187675,12.0,-5.933358938997117,4.910799061384448,21.218369941089257,1432.8333333333333
1.0,0.5,102.0,1633.4861953082325,731.572969187675,9.0,1.8568221968599674,-0.01195393265263394,21.180228092462023,1436.6666666666667
1.0,0.5,103.0,1761.5262513306416,731.572969187675,11.0,0.46870107413004986,-1.714836102266087,22.365892292315927,1584.7727272727273
1.0,0.5,104.0,1889.5663073530507,731.572969187675,16.0,-1.018116032698316,7.030031720431751,16.708462810463644,922.28125
1.0,0.5,105.0,97.00552303932531,603.532913165266,11.0,-3.5753349083971373,10.3339684165625,21.278677177079555,1453.6818181818182
1.0,0.5,106.0,225.04557906173426,603.532913165266,10.0,4.019933790996282,0.8108801606546194,21.944555680576805,1526.95
1.0,0.5,107.0,353.08563508414323,603.532913165266,12.0,-0.7013420272023438,-2.3147880394542995,19.654257647422632,1234.125
1.0,0.5,108.0,481.12569110655215,603.532913165266,17.0,-4.409786274505215,-0.8996473991735189,19.06530604497344,1177.2058823529412
1.0,0.5,109.0,609.165747128961,603.532913165266,10.0,-6.965420416315783,5.723965552071581,21.74355318474908,1517.4
1.0,0.5,110.0,737.20580315137,603.532913165266,13.0,-5.481212630745001,4.044717521606012,19.602814706728406,1265.3461538461538
1.0,0.5,111.0,865.2458591737789,603.532913165266,12.0,-4.4468084011834135,0.2807056438991633,21.740055857684037,1503.4166666666667
1.0,0.5,112.0,993.2859151961878,603.532913165266,17.0,-0.5234931936883428,-0.5651616515168264,18.13836426885466,1067.0588235294117
1.0,0.5,113.0,1121.3259712185968,603.532913165266,15.0,-3.3630498769341233,0.24596574251133266,17.983739094843067,1046.4666666666667
1.0,0.5,114.0,1249.3660272410057,603.532913165266,14.0,-0.4686108165659074,3.575998401538576,18.51029995907509,1101.357142857143
1.0,0.5,115.0,1377.4060832634148,603.532913165266,14.0,-3.461859409934829,2.7086369980450438,18.984355373707018,1171.892857142857
1.0,0.5,116.0,1505.4461392858236,603.532913165266,13.0,-5.46977741334114,5.257515012519836,19.69826203114225,1240.1538461538462
1.0,0.5,117.0,1633.4861953082325,603.532913165266,12.0,-1.3146673515633438,7.46928404096072,21.59635800101343,1493.7916666666667
1.0,0.5,118.0,1761.5262513306416,603.532913165266,13.0,-5.966352991355192,-2.434422619251826,18.246330592235914,1073.076923076923
1.0,0.5,119.0,1889.5663073530507,603.532913165266,12.0,-8.714684740710746,3.3257554509440297,20.593405580943564,1376.5833333333337
1.0,0.5,120.0,97.00552303932531,475.4928571428571,15.0,-3.2692697928808903,0.14301214793069145,18.515224076915054,1093.4
1.0,0.5,121.0,225.04557906173426,475.4928571428571,14.0,6.870239951547603,-5.173178704757561,19.45414293235368,1209.857142857143
1.0,0.5,122.0,353.08563508414323,475.4928571428571,14.0,-5.916409051084161,-0.532279204852541,19.70049379828051,1248.142857142857
1.0,0.5,123.0,481.12569110655215,475.4928571428571,12.0,-5.230789211473629,-4.150482902174986,18.434478810421698,1083.0833333333333
1.0,0.5,124.0,609.165747128961,475.4928571428571,12.0,-0.4895068199483979,1.0637774559667246,21.215596691418156,1438.75
1.0,0.5,125.0,737.20580315137,475.4928571428571,12.0,3.7054192083864828,-2.766978036131112,19.78542904730717,1249.2916666666667
1.0,0.5,126.0,865.2458591737789,475.4928571428571,11.0,-3.32401562121629,-5.18941836223421,21.561846869416772,1478.590909090909
1.0,0.5,127.0,993.2859151961878,475.4928571428571,13.0,-1.3122167486682463,-1.9801382843455013,20.16266714999878,1301.8461538461538
1.0,0.5,128.0,1121.3259712185968,475.4928571428571,19.0,-4.565357683359491,4.431034998864166,16.585214838520606,876.6578947368421
1.0,0.5,129.0,1249.3660272410057,475.4928571428571,19.0,-7.867842737310064,-0.19158019936570514,16.0068377929637,830.2105263157895
1.0,0.5,130.0,1377.4060832634148,475.4928571428571,12.0,4.234886047438522,2.1072480676745706,19.975616616489948,1326.9999999999998
1.0,0.5,131.0,1505.4461392858236,475.4928571428571,16.0,-1.8060938611760093,-3.4152039880085496,16.759670883085402,906.375
1.0,0.5,132.0,1633.4861953082325,475.4928571428571,18.0,-0.15198039188963916,2.3092146349599463,17.63184141111234,1006.1666666666666
1.0,0.5,133.0,1761.5262513306416,475.4928571428571,13.0,-1.925175073973955,6.52526358717601,21.389787779199388,1457.0
1.0,0.5,134.0,1889.5663073530507,475.4928571428571,17.0,3.0164012924602126,-1.1212212506378791,17.6578506167184,1013.4117647058823
1.0,0.5,135.0,97.00552303932531,347.4528011204482,11.0,-2.7365044213248138,0.9800850320189883,21.797639687631378,1535.6363636363637
1.0,0.5,136.0,225.04557906173426,347.4528011204482,10.0,-2.28159262139564,1.5339939941824468,20.938203144855226,1425.4
1.0,0.5,137.0,353.08563508414323,347.4528011204482,15.0,-2.2041963254067087,0.4310864955102867,19.320247678674555,1206.7333333333333
1.0,0.5,138.0,481.12569110655215,347.4528011204482,14.0,1.4642370208993394,3.2677536171625152,20.126899257070868,1317.0714285714287
1.0,0.5,139.0,609.165747128961,347.4528011204482,15.0,-3.3673880453343825,1.8849115638228569,19.067431037769598,1169.0666666666666
1.0,0.5,140.0,737.20580315137,347.4528011204482,13.0,-1.0126085218598744,-3.9281009822018578,20.004283752825224,1301.3846153846155
1.0,0.5,141.0,865.2458591737789,347.4528011204482,14.0,-3.8294885247873447,7.2716943296224725,18.030937469743872,1028.9285714285713
1.0,0.5,142.0,993.2859151961878,347.4528011204482,15.0,-2.9642405319604643,-2.2516215553501246,19.0063257702797,1154.8
1.0,0.5,143.0,1121.3259712185968,347.4528011204482,20.0,3.0668900814973648,1.556594478897882,15.217268269070257,745.025
1.0,0.5,144.0,1249.3660272410057,347.4528011204482,18.0,-0.9319539533531346,4.012317885527409,16.553290602739175,872.4722222222222
1.0,0.5,145.0,1377.4060832634148,347.4528011204482,15.0,0.08008607290724588,-3.494096885347464,19.240007629222102,1193.2333333333333
1.0,0.5,146.0,1505.4461392858236,347.4528011204482,15.0,-5.621209851106626,1.1651018715240222,19.25460629504011,1199.3999999999999
1.0,0.5,147.0,1633.4861953082325,347.4528011204482,17.0,7.961943395428882,7.1262359681795315,16.831308389843283,908.4705882352941
1.0,0.5,148.0,1761.5262513306416,347.4528011204482,10.0,-1.3923540787099227,-5.6365101972905,20.853914652495725,1387.55
1.0,0.5,149.0,1889.5663073530507,347.4528011204482,12.0,7.65947047917344,-0.9919667436095949,19.371006142204575,1201.8333333333333
1.0,0.5,150.0,97.00552303932531,219.41274509803912,13.0,-1.9246395354146708,3.021415701517596,19.311380875746696,1206.7692307692307
1.0,0.5,151.0,225.04557906173426,219.41274509803912,12.0,-5.903418743077675,-1.629184635946066,19.77642762413106,1254.875
1.0,0.5,152.0,353.08563508414323,219.41274509803912,13.0,-3.9412964276420044,1.6554474642506856,19.102280984243205,1175.5
1.0,0.5,153.0,481.12569110655215,219.41274509803912,11.0,-8.786197762172357,4.724261889023689,21.24567084062064,1461.9545454545455
1.0,0.5,154.0,609.165747128961,219.41274509803912,13.0,-3.0763082148713554,10.746540667848386,19.96836541276283,1305.1153846153845
1.0,0.5,155.0,737.20580315137,219.41274509803912,11.0,2.2018580632245217,4.91311830846313,21.116632335488603,1418.409090909091
1.0,0.5,156.0,865.2458591737789,219.41274509803912,12.0,-0.9640927213143679,-4.631792205463682,21.409902202806354,1480.3750000000002
1.0,0.5,157.0,993.2859151961878,219.41274509803912,13.0,1.946038021172696,2.5679670139920527,19.435594479922976,1228.6153846153845
1.0,0.5,158.0,1121.3259712185968,219.41274509803912,12.0,-4.138855905512703,-1.511993517528334,20.143887324011832,1299.2083333333333
1.0,0.5,159.0,1249.3660272410057,219.41274509803912,13.0,-7.214299976865487,7.809417246205459,19.60792549649394,1220.8461538461538
1.0,0.5,160.0,1377.4060832634148,219.41274509803912,17.0,-3.8149918639216915,1.8376867100739072,17.251999762837702,964.5588235294117
1.0,0.5,161.0,1505.4461392858236,219.41274509803912,11.0,0.2331018053544705,-0.8909505894126049,21.342907113354165,1484.3181818181818
1.0,0.5,162.0,1633.4861953082325,219.41274509803912,17.0,-2.941082404197317,0.5745819920579186,17.643276132766605,1031.8823529411766
1.0,0.5,163.0,1761.5262513306416,219.41274509803912,14.0,-5.268452272890142,-0.16363020340749554,18.82148156018996,1154.2142857142858
1.0,0.5,164.0,1889.5663073530507,219.41274509803912,15.0,-3.8443340283137593,2.3124531864126987,18.05907744398457,1049.7
1.0,0.5,165.0,97.00552303932531,91.37268907563025,8.0,7.050898657853979,-0.4052943877134876,17.761059452451555,999.1875
1.0,0.5,166.0,225.04557906173426,91.37268907563025,11.0,4.472510061816551,-4.6004124667640385,21.266223659592647,1427.0454545454545
1.0,0.5,167.0,353.08563508414323,91.37268907563025,12.0,-0.8503035583377047,8.226007208792547,20.010195742108387,1284.3749999999998
1.0,0.5,168.0,481.12569110655215,91.37268907563025,12.0,-0.3934212094012847,3.087113152893428,20.0541160796274,1288.375
1.0,0.5,169.0,609.165747128961,91.37268907563025,10.0,-6.614786410825809,1.1126599051465091,21.110481545965776,1419.2000000000003
1.0,0.5,170.0,737.20580315137,91.37268907563025,12.0,0.8721002739495519,-2.7638232269223906,19.45899505448664,1210.7916666666667
1.0,0.5,171.0,865.2458591737789,91.37268907563025,11.0,-6.36533154338903,1.5415080058994979,22.05272920324944,1567.2272727272727
1.0,0.5,172.0,993.2859151961878,91.37268907563025,10.0,-2.993137410628674,1.8565712227412376,20.69175202698292,1365.65
1.0,0.5,173.0,1121.3259712185968,91.37268907563025,13.0,-3.198736180220084,0.4355701320476539,19.427378617377098,1198.0
1.0,0.5,174.0,1249.3660272410057,91.37268907563025,16.0,-4.88980448121842,2.4910053825527214,17.822897915674915,1043.78125
1.0,0.5,175.0,1377.4060832634148,91.37268907563025,10.0,-1.3542273061556898,0.9944109035680396,22.143983803388807,1607.85
1.0,0.5,176.0,1505.4461392858236,91.37268907563025,11.0,0.17153702621375125,6.0452751833337794,19.961118839047103,1281.0454545454545
1.0,0.5,177.0,1633.4861953082325,91.37268907563025,10.0,-3.360113110177029,-2.1393349449948684,20.10307514585126,1333.6
1.0,0.5,178.0,1761.5262513306416,91.37268907563025,14.0,-0.8022610269778333,1.6417135514890322,19.270168841018215,1221.5357142857142
1.0,0.5,179.0,1889.5663073530507,91.37268907563025,15.0,-7.77942605459663,3.97852336300998,17.860774551578313,1036.3666666666666
2.0,1.0,0.0,97.00552303932531,1499.8133053221288,15.0,-3.4332151674178313,2.4543934167545935,15.919372513355999,808.6
2.0,1.0,1.0,225.04557906173426,1499.8133053221288,13.0,-0.22416868369427018,-2.5924151419574932,18.35679994628994,1067.9230769230771
2.0,1.0,2.0,353.08563508414323,1499.8133053221288,12.0,4.8894597715527235,-7.666511710903416,17.832187139426086,1016.0416666666666
2.0,1.0,3.0,481.12569110655215,1499.8133053221288,15.0,0.510613012053219,-0.7601186966157911,18.31863129756913,1074.5333333333333
2.0,1.0,4.0,609.165747128961,1499.8133053221288,11.0,2.420822726179722,-8.337005889280388,18.262766726270748,1092.7272727272727
2.0,1.0,5.0,737.20580315137,1499.8133053221288,18.0,2.582399936091039,-3.1075415839694767,17.18421144178021,942.0277777777778
2.0,1.0,6.0,865.2458591737789,1499.8133053221288,16.0,2.925417033934659,6.301216645438601,17.261891847326133,968.46875
2.0,1.0,7.0,993.2859151961878,1499.8133053221288,18.0,4.313770193809357,4.6725850855604625,16.454569007943814,868.3888888888889
2.0,1.0,8.0,1121.3259712185968,1499.8133053221288,20.0,-0.5826158022606412,-1.4911390296088565,16.339835574838766,852.25
2.0,1.0,9.0,1249.3660272410057,1499.8133053221288,13.0,0.7438989853478513,-2.2972347242702758,17.71375360768964,1018.0769230769231
2.0,1.0,10.0,1377.4060832634148,1499.8133053221288,13.0,-10.922642362154146,-1.105207264042565,18.247914786610778,1070.9615384615386
2.0,1.0,11.0,1505.4461392858236,1499.8133053221288,18.0,-1.3282025314895234,5.133860431309671,16.501573029674425,886.1111111111111
2.0,1.0,12.0,1633.4861953082325,1499.8133053221288,20.0,4.73761867573381,1.1345670911592232,15.556721489355436,794.45
2.0,1.0,13.0,1761.5262513306416,1499.8133053221288,15.0,-8.242454516321057,2.5520055056473003,17.20587995039544,950.1333333333333
2.0,1.0,14.0,1889.5663073530507,1499.8133053221288,18.0,0.761980325661938,0.9696258611360233,16.129993216043328,851.0555555555555
2.0,1.0,15.0,97.00552303932531,1371.7732492997197,15.0,-0.9810952635567105,-4.4310516059154,18.17321986253188,1058.5666666666666
2.0,1.0,16.0,225.04557906173426,1371.7732492997197,19.0,3.3656980638864873,1.0252478997928094,16.778969069528625,916.6578947368421
2.0,1.0,17.0,353.08563508414323,1371.7732492997197,16.0,-8.594287718333893,2.082371192554789,18.12884639926716,1041.875
2.0,1.0,18.0,481.12569110655215,1371.7732492997197,21.0,0.9466853023320312,-0.3134060456659199,16.3574535375121,855.9761904761905
2.0,1.0,19.0,609.165747128961,1371.7732492997197,14.0,-4.386248723559202,0.2643233875141601,20.72439803025438,1371.3214285714287
2.0,1.0,20.0,737.20580315137,1371.7732492997197,14.0,-7.187030723012965,0.4561471098185975,18.29770825101269,1076.5357142857142
2.0,1.0,21.0,865.2458591737789,1371.7732492997197,16.0,2.760674904534153,3.5067985511702924,16.4952390964621,877.4687500000001
2.0,1.0,22.0,993.2859151961878,1371.7732492997197,15.0,0.9982113419919675,0.25369388284808153,17.760014293823204,1007.7666666666667
2.0,1.0,23.0,1121.3259712185968,1371.7732492997197,13.0,7.065882544367469,2.842741847276722,18.949479572277912,1159.3461538461538
2.0,1.0,24.0,1249.3660272410057,1371.7732492997197,15.0,3.7462978814889234,1.7063952209931812,17.88352253344545,1069.4
2.0,1.0,25.0,1377.4060832634148,1371.7732492997197,23.0,-1.5717393143859832,6.17896645165459,15.85479268889975,807.3260869565217
2.0,1.0,26.0,1505.4461392858236,1371.7732492997197,16.0,0.7210974345850029,-0.9004722044286819,17.598889906510113,981.21875
2.0,1.0,27.0,1633.4861953082325,1371.7732492997197,18.0,-0.44388990676835066,-0.9411878265376639,16.003330389733872,841.6111111111111
2.0,1.0,28.0,1761.5262513306416,1371.7732492997197,21.0,-3.3764637663659585,1.0252689935261117,15.864123880203588,813.2619047619048
2.0,1.0,29.0,1889.5663073530507,1371.7732492997197,23.0,-0.4347167562737446,2.012019840927743,14.892019931536167,730.3260869565217
2.0,1.0,30.0,97.00552303932531,1243.7331932773109,16.0,0.20927907097004678,-5.574145293647397,17.615478543795227,996.3125
2.0,1.0,31.0,225.04557906173426,1243.7331932773109,13.0,2.8937975437393333,2.2549374272121896,19.154702384837744,1193.6923076923076
2.0,1.0,32.0,353.08563508414323,1243.7331932773109,14.0,-4.6911277891522065,0.33211218305947254,18.337065128476855,1099.0714285714287
2.0,1.0,33.0,481.12569110655215,1243.7331932773109,17.0,1.8956468115570277,1.399958252728888,17.284373341694547,969.5882352941177
2.0,1.0,34.0,609.165747128961,1243.7331932773109,12.0,1.1833453710369668,0.10754932602071676,18.974880354371752,1178.0
2.0,1.0,35.0,737.20580315137,1243.7331932773109,13.0,4.2935255587834,0.139261724089796,19.454351768739112,1202.923076923077
2.0,1.0,36.0,865.2458591737789,1243.7331932773109,13.0,1.1937981254729493,0.6829109553214492,20.216972296174195,1298.923076923077
2.0,1.0,37.0,993.2859151961878,1243.7331932773109,18.0,1.5557182238825442,-1.1059903266319457,17.06764416833048,924.9444444444445
2.0,1.0,38.0,1121.3259712185968,1243.7331932773109,14.0,2.598114165085993,1.788530680471884,19.177454257845188,1208.857142857143
2.0,1.0,39.0,1249.3660272410057,1243.7331932773109,17.0,-1.009224807007316,-0.12812784410240663,18.39711570443646,1084.3823529411766
2.0,1.0,40.0,1377.4060832634148,1243.7331932773109,14.0,2.5050422586917365,-6.439929595239019,17.225551105970197,941.5714285714286
2.0,1.0,41.0,1505.4461392858236,1243.7331932773109,20.0,4.466806817612784,1.6305007616443312,15.815647858923109,800.8
2.0,1.0,42.0,1633.4861953082325,1243.7331932773109,17.0,-0.7202552794744008,5.269587865104256,17.302350347164737,953.9117647058823
2.0,1.0,43.0,1761.5262513306416,1243.7331932773109,18.0,-2.5977344485713223,2.5289388286064423,17.042300125504575,944.0277777777778
2.0,1.0,44.0,1889.5663073530507,1243.7331932773109,17.0,-10.60053478754155,-7.386381303268081,17.131306235700016,941.3235294117648
2.0,1.0,45.0,97.00552303932531,1115.693137254902,15.0,1.9244002290790045,-0.16679139882098776,18.415863172171566,1085.1333333333334
2.0,1.0,46.0,225.04557906173426,1115.693137254902,18.0,-3.677877175478082,-5.364293680073655,17.029715012702233,962.5277777777778
2.0,1.0,47.0,353.08563508414323,1115.693137254902,14.0,-0.34124546535854455,-1.6520425259953981,18.974345218965805,1212.5714285714287
2.0,1.0,48.0,481.12569110655215,1115.693137254902,15.0,0.9194347407976045,-3.3889835509358233,17.59168782397716,996.7
2.0,1.0,49.0,609.165747128961,1115.693137254902,20.0,-2.8673696866294827,-1.7793640435349214,16.196532913121064,866.7
2.0,1.0,50.0,737.20580315137,1115.693137254902,17.0,0.2991269039806715,-9.056410426629766,17.297368716270086,954.0882352941177
2.0,1.0,51.0,865.2458591737789,1115.693137254902,16.0,3.772951569395237,5.750875661876724,17.870392038652156,1071.78125
2.0,1.0,52.0,993.2859151961878,1115.693137254902,20.0,-11.08346812725175,1.3194276884547786,16.210021204195634,854.9
2.0,1.0,53.0,1121.3259712185968,1115.693137254902,17.0,2.773807060632472,-3.391159877363017,17.41659144110531,975.0
2.0,1.0,54.0,1249.3660272410057,1115.693137254902,17.0,-3.2035374430585013,-2.112001122145664,16.90694700049928,914.1176470588235
2.0,1.0,55.0,1377.4060832634148,1115.693137254902,16.0,-1.2634339736680147,-2.839870554230828,17.549598702360434,975.53125
2.0,1.0,56.0,1505.4461392858236,1115.693137254902,17.0,-4.401610708082164,-1.533863470748936,17.352134108453882,969.5
2.0,1.0,57.0,1633.4861953082325,1115.693137254902,19.0,-6.951835407414031,-9.488014269892968,17.174783291837617,946.7368421052631
2.0,1.0,58.0,1761.5262513306416,1115.693137254902,15.0,3.332983575427382,-0.9647843778656958,17.82741700009926,1027.4333333333334
2.0,1.0,59.0,1889.5663073530507,1115.693137254902,15.0,-1.3904726032619699,-6.074941661469173,18.38318566851056,1098.1
2.0,1.0,60.0,97.00552303932531,987.6530812324929,15.0,-0.41041012317535214,-6.238737727089741,18.713888319200148,1118.8666666666666
2.0,1.0,61.0,225.04557906173426,987.6530812324929,14.0,-1.5579844034332468,2.6490801608762675,18.7887144885677,1124.1785714285713
2.0,1.0,62.0,353.08563508414323,987.6530812324929,14.0,3.0221275965743555,5.259758527492313,18.870691664457233,1132.892857142857
2.0,1.0,63.0,481.12569110655215,987.6530812324929,15.0,1.2569033168201278,-2.2662291568314616,18.60374821130803,1132.0
2.0,1.0,64.0,609.165747128961,987.6530812324929,18.0,-1.2740257107993518,-0.39117282614318055,16.72348330024586,908.1666666666666
2.0,1.0,65.0,737.20580315137,987.6530812324929,18.0,-0.34982632203571695,-1.4197195401684573,16.60916832363612,906.0
2.0,1.0,66.0,865.2458591737789,987.6530812324929,18.0,-2.013289677955647,-0.19853460434890569,16.041141344590002,822.6666666666666
2.0,1.0,67.0,993.2859151961878,987.6530812324929,21.0,0.2248352207301367,5.687099219127525,14.936710906809088,720.047619047619
2.0,1.0,68.0,1121.3259712185968,987.6530812324929,21.0,-0.5787552260170216,-7.154878504397402,15.481001220323131,772.2142857142857
2.0,1.0,69.0,1249.3660272410057,987.6530812324929,20.0,-4.584532130756663,1.3455960333455408,16.201427527250036,842.525
2.0,1.0,70.0,1377.4060832634148,987.6530812324929,23.0,-1.767163870013519,5.615748909450293,15.41735763786829,774.804347826087
2.0,1.0,71.0,1505.4461392858236,987.6530812324929,18.0,4.2529434800776755,2.8289844380573896,15.909708927040107,811.5833333333334
2.0,1.0,72.0,1633.4861953082325,987.6530812324929,15.0,2.1517936147103986,3.416926751442573,18.63449879012545,1112.0333333333333
2.0,1.0,73.0,1761.5262513306416,987.6530812324929,18.0,-1.5877538785587433,3.075863866124351,16.865985758679948,921.9444444444445
2.0,1.0,74.0,1889.5663073530507,987.6530812324929,15.0,6.142193738577799,-0.047712044327821404,17.72967348577515,1008.6666666666666
2.0,1.0,75.0,97.00552303932531,859.613025210084,17.0,-2.8673613162911127,2.915607668607978,16.837420617152723,918.6176470588235
2.0,1.0,76.0,225.04557906173426,859.613025210084,18.0,1.52167239972736,-0.09926200466188677,16.58244576312332,891.4722222222222
2.0,1.0,77.0,353.08563508414323,859.613025210084,15.0,-0.8398605030656654,2.3168163928001833,18.756452666290333,1122.6
2.0,1.0,78.0,481.12569110655215,859.613025210084,16.0,3.797016530138129,2.3664234372643995,17.586684564432115,989.4375
2.0,1.0,79.0,609.165747128961,859.613025210084,14.0,2.0732069428513564,2.770349085610019,18.439355354394824,1105.75
2.0,1.0,80.0,737.20580315137,859.613025210084,16.0,6.612358614999948,8.86861713547424,18.098425215430083,1051.375
2.0,1.0,81.0,865.2458591737789,859.613025210084,14.0,9.268483506269982,5.16100404270649,18.913783433834826,1150.0357142857142
2.0,1.0,82.0,993.2859151961878,859.613025210084,17.0,7.654726754545035,0.2580705274593743,17.77571718469472,1005.2058823529412
2.0,1.0,83.0,1121.3259712185968,859.613025210084,18.0,1.7431190199201463,-6.1489116419823615,16.375826179242015,861.5277777777778
2.0,1.0,84.0,1249.3660272410057,859.613025210084,17.0,-2.3223823421612906,-5.699644454664637,16.67294825121621,890.0294117647059
2.0,1.0,85.0,1377.4060832634148,859.613025210084,19.0,-5.838971399585001,5.152056010623061,16.994531668043674,916.6315789473684
2.0,1.0,86.0,1505.4461392858236,859.613025210084,19.0,6.308924759489571,5.374675108615392,16.75238400886652,899.1578947368421
2.0,1.0,87.0,1633.4861953082325,859.613025210084,18.0,2.208861491404756,-3.512608131929695,17.14950064960223,937.5277777777778
2.0,1.0,88.0,1761.5262513306416,859.613025210084,19.0,-1.9166501770493727,-4.362307763448549,16.214159686217947,843.4736842105264
2.0,1.0,89.0,1889.5663073530507,859.613025210084,12.0,2.602475982101396,-0.023626852435446228,18.99462842720354,1155.5416666666667
2.0,1.0,90.0,97.00552303932531,731.572969187675,17.0,-0.23483141145173558,1.8652627621663669,17.946472472044274,1040.9705882352941
2.0,1.0,91.0,225.04557906173426,731.572969187675,16.0,0.09630136901461507,0.45172966648087837,18.076655933333644,1054.625
2.0,1.0,92.0,353.08563508414323,731.572969187675,15.0,-0.4531487343980339,3.313006639458581,18.451374963283758,1075.0333333333333
2.0,1.0,93.0,481.12569110655215,731.572969187675,18.0,-6.126842430782752,6.2848981497210445,17.531573982196367,978.6111111111111
2.0,1.0,94.0,609.165747128961,731.572969187675,15.0,-4.911307578961032,-0.4033881636547447,18.03727384676796,1028.7
2.0,1.0,95.0,737.20580315137,731.572969187675,17.0,-1.0364238098002119,4.18534436314809,17.276917137158502,953.8823529411765
2.0,1.0,96.0,865.2458591737789,731.572969187675,19.0,-1.0398107014832743,2.054393519449698,17.36769972622493,956.9736842105264
2.0,1.0,97.0,993.2859151961878,731.572969187675,17.0,0.9596787442030319,-4.249535964300733,18.174734077105327,1050.1176470588234
2.0,1.0,98.0,1121.3259712185968,731.572969187675,14.0,-2.016314835176621,-1.2420290265041176,19.161406989969674,1182.607142857143
2.0,1.0,99.0,1249.3660272410057,731.572969187675,16.0,-0.37344003840521806,8.976492198852437,16.69175027758073,916.78125
2.0,1.0,100.0,1377.4060832634148,731.572969187675,15.0,7.161570379844989,5.868628859719414,17.72718186184922,996.5333333333333
2.0,1.0,101.0,1505.4461392858236,731.572969187675,13.0,-3.177522544790539,5.156383129361359,19.492522925977454,1202.8076923076924
2.0,1.0,102.0,1633.4861953082325,731.572969187675,16.0,0.35534411509573716,0.7840591466178434,18.39483787084349,1090.78125
2.0,1.0,103.0,1761.5262513306416,731.572969187675,18.0,-11.197815758267916,2.043194947755516,16.802645453832092,899.0833333333334
2.0,1.0,104.0,1889.5663073530507,731.572969187675,17.0,-5.693438931306143,0.814019471532553,17.86036665051353,1015.0588235294117
2.0,1.0,105.0,97.00552303932531,603.532913165266,14.0,4.557929650540942,2.9248146378721276,18.260849160558248,1069.0714285714282
2.0,1.0,106.0,225.04557906173426,603.532913165266,13.0,-2.3258317332426897,-0.25429448543540806,20.146823606397604,1311.923076923077
2.0,1.0,107.0,353.08563508414323,603.532913165266,16.0,-0.4311201936066406,-5.847822093285818,18.022308839540766,1040.53125
2.0,1.0,108.0,481.12569110655215,603.532913165266,14.0,-3.5010135785481586,4.761269123410007,18.795340837960115,1162.2857142857142
2.0,1.0,109.0,609.165747128961,603.532913165266,17.0,5.560679764286048,-1.442692356162237,17.022599647728217,954.0882352941177
2.0,1.0,110.0,737.20580315137,603.532913165266,15.0,-9.002940030566444,-6.064642258094084,18.43261140245933,1121.9
2.0,1.0,111.0,865.2458591737789,603.532913165266,16.0,-1.109827672349831,0.6499212019909919,17.696697396326595,1006.3437499999999
2.0,1.0,112.0,993.2859151961878,603.532913165266,16.0,-0.7907393691615915,-0.6261705065101394,17.445879820230942,1016.65625
2.0,1.0,113.0,1121.3259712185968,603.532913165266,18.0,1.817264189783657,3.1068157001643044,17.20896809915258,952.6111111111111
2.0,1.0,114.0,1249.3660272410057,603.532913165266,17.0,1.987539496019167,3.3390185311490512,17.233916200086146,950.6764705882352
2.0,1.0,115.0,1377.4060832634148,603.532913165266,15.0,-0.3400025716475561,-4.86792053381882,19.16882255058316,1162.9666666666667
2.0,1.0,116.0,1505.4461392858236,603.532913165266,16.0,-2.5441362810925665,5.06780650144007,18.133714857192604,1049.125
2.0,1.0,117.0,1633.4861953082325,603.532913165266,13.0,3.360599895767791,-1.7903733275644147,18.831679913421592,1129.2692307692307
2.0,1.0,118.0,1761.5262513306416,603.532913165266,22.0,-3.352142510917495,2.1844324465780676,15.956329698759061,823.5909090909091
2.0,1.0,119.0,1889.5663073530507,603.532913165266,18.0,-1.4753342437471417,-0.5528194688921247,16.61324328470174,888.5555555555555
2.0,1.0,120.0,97.00552303932531,475.4928571428571,17.0,5.216501260443681,-1.7445034643834645,17.954709914244,1029.5
2.0,1.0,121.0,225.04557906173426,475.4928571428571,13.0,-0.09605248257326131,-1.008482613311723,20.246681224630194,1307.5384615384614
2.0,1.0,122.0,353.08563508414323,475.4928571428571,16.0,-2.024053206512386,-5.344233698275474,16.877527430093302,913.96875
2.0,1.0,123.0,481.12569110655215,475.4928571428571,16.0,-12.57029387057662,1.0610413557939182,17.750877610705174,1003.96875
2.0,1.0,124.0,609.165747128961,475.4928571428571,12.0,8.251861999747854,2.8553385292832343,19.172004684498248,1179.6666666666667
2.0,1.0,125.0,737.20580315137,475.4928571428571,14.0,3.937638277572936,-2.701259462294144,19.834024240336685,1262.6785714285713
2.0,1.0,126.0,865.2458591737789,475.4928571428571,14.0,-11.002739749586453,-0.8774863853040217,18.137623384618397,1074.392857142857
2.0,1.0,127.0,993.2859151961878,475.4928571428571,16.0,0.7931986704756875,2.010500859629969,18.487907891237917,1097.34375
2.0,1.0,128.0,1121.3259712185968,475.4928571428571,17.0,6.754746079629994,8.543789214849546,17.745164908945238,1000.5
2.0,1.0,129.0,1249.3660272410057,475.4928571428571,18.0,1.4597244562887965,4.6275284726137045,15.9211034595914,818.7777777777778
2.0,1.0,130.0,1377.4060832634148,475.4928571428571,16.0,5.80412288276846,-1.1930833219962227,17.05877804308498,927.71875
2.0,1.0,131.0,1505.4461392858236,475.4928571428571,19.0,-1.920076257765044,-3.37015974947659,16.708946834561797,895.9736842105264
2.0,1.0,132.0,1633.4861953082325,475.4928571428571,19.0,3.727533922995543,6.057036547613567,17.951976207687977,1040.0
2.0,1.0,133.0,1761.5262513306416,475.4928571428571,19.0,-1.4277365225991214,3.2728657088361333,15.511300685583272,778.421052631579
2.0,1.0,134.0,1889.5663073530507,475.4928571428571,17.0,1.2267578552315173,-1.6206001774972036,16.21249448157633,840.2058823529412
2.0,1.0,135.0,97.00552303932531,347.4528011204482,16.0,3.6642512207665314,0.8911102035569823,17.04950798355702,929.90625
2.0,1.0,136.0,225.04557906173426,347.4528011204482,18.0,3.9994785551913594,-0.8308224860327582,17.24112279346737,967.8611111111111
2.0,1.0,137.0,353.08563508414323,347.4528011204482,17.0,0.36849501244786065,2.720821770344838,17.269260684381816,983.3529411764704
2.0,1.0,138.0,481.12569110655215,347.4528011204482,14.0,-2.0635752195154375,2.190914406677147,19.547647279247496,1232.392857142857
2.0,1.0,139.0,609.165747128961,347.4528011204482,11.0,9.905711340447334,1.009596350638886,20.143875588419835,1280.409090909091
2.0,1.0,140.0,737.20580315137,347.4528011204482,17.0,-1.2886531329874866,-5.088194022242094,17.519439797708333,989.4411764705883
2.0,1.0,141.0,865.2458591737789,347.4528011204482,16.0,-4.532654837737307,3.229228903923347,17.478660202160683,988.75
2.0,1.0,142.0,993.2859151961878,347.4528011204482,17.0,-0.01581012380231219,-1.807411071953906,16.010096582595402,834.5882352941177
2.0,1.0,143.0,1121.3259712185968,347.4528011204482,21.0,1.0145158040573778,-4.3136127532610065,16.17482464434915,845.047619047619
2.0,1.0,144.0,1249.3660272410057,347.4528011204482,15.0,1.0780683679916365,1.092643936335162,17.624367535929913,1006.2666666666667
2.0,1.0,145.0,1377.4060832634148,347.4528011204482,19.0,3.9865703789787137,2.5430385484740143,16.029987930150366,829.3421052631579
2.0,1.0,146.0,1505.4461392858236,347.4528011204482,14.0,-8.76436740970812,-1.9978302306939555,19.554214061867945,1218.4285714285713
2.0,1.0,147.0,1633.4861953082325,347.4528011204482,19.0,-0.08747910344939713,3.0558188496800938,15.877429409753342,819.3157894736842
2.0,1.0,148.0,1761.5262513306416,347.4528011204482,20.0,0.6180786139261727,3.055307774005265,16.40364853695225,871.85
2.0,1.0,149.0,1889.5663073530507,347.4528011204482,15.0,3.0638597331065967,-3.6470609564896868,18.25350944036259,1075.3666666666666
2.0,1.0,150.0,97.00552303932531,219.41274509803912,18.0,-0.3814632511817914,0.7022201649519345,16.330928495370543,865.25
2.0,1.0,151.0,225.04557906173426,219.41274509803912,15.0,-5.734499608050642,3.9006096600683122,17.258730758901212,951.5666666666667
2.0,1.0,152.0,353.08563508414323,219.41274509803912,14.0,-0.18892365414442863,-4.1235289148378,18.436777073025297,1111.8214285714287
2.0,1.0,153.0,481.12569110655215,219.41274509803912,12.0,0.2861408233982589,-6.524066783646568,19.86581001071379,1286.2916666666667
2.0,1.0,154.0,609.165747128961,219.41274509803912,13.0,3.48726131712865,1.901433428398485,20.03302351464837,1296.2307692307693
2.0,1.0,155.0,737.20580315137,219.41274509803912,14.0,-5.202247621831816,-8.579709571032689,18.2328255217034,1077.0357142857142
2.0,1.0,156.0,865.2458591737789,219.41274509803912,14.0,1.3958156970401119,2.8595998451699702,18.99355719921792,1152.0714285714287
2.0,1.0,157.0,993.2859151961878,219.41274509803912,16.0,3.915380575129863,0.5360455422601603,18.814433577472457,1136.28125
2.0,1.0,158.0,1121.3259712185968,219.41274509803912,13.0,2.7903202617354013,-2.710825914794508,18.912906091600657,1141.0384615384614
2.0,1.0,159.0,1249.3660272410057,219.41274509803912,17.0,5.887780303430217,-0.5435050444162992,17.838403327749575,1031.1470588235295
2.0,1.0,160.0,1377.4060832634148,219.41274509803912,17.0,-2.1930009368494816,-0.8174953965639664,16.997747208252427,928.5882352941177
2.0,1.0,161.0,1505.4461392858236,219.41274509803912,16.0,3.754712529020651,3.1645228551319278,17.73203977216985,1008.8124999999999
2.0,1.0,162.0,1633.4861953082325,219.41274509803912,22.0,0.9584435244009044,-3.6297062857092355,15.741235571389147,791.0227272727273
2.0,1.0,163.0,1761.5262513306416,219.41274509803912,14.0,-2.531779635601697,-10.096607982041292,17.912756770205313,1017.25
2.0,1.0,164.0,1889.5663073530507,219.41274509803912,20.0,-5.691775219303332,5.843272751343729,16.60419305870077,879.0500000000002
2.0,1.0,165.0,97.00552303932531,91.37268907563025,10.0,1.54137570109798,3.8406627300059983,15.79399107666541,796.3
2.0,1.0,166.0,225.04557906173426,91.37268907563025,21.0,-2.5134876920309033,-2.537497419713349,15.686601321991393,795.3333333333334
2.0,1.0,167.0,353.08563508414323,91.37268907563025,12.0,-5.949835343733366,1.3960238950523363,18.93463536089259,1148.2083333333333
2.0,1.0,168.0,481.12569110655215,91.37268907563025,12.0,-2.516674558963814,4.15729064473832,20.544053178322915,1349.3333333333333
2.0,1.0,169.0,609.165747128961,91.37268907563025,16.0,1.5966991390193925,11.478517971507904,18.371725690893587,1076.65625
2.0,1.0,170.0,737.20580315137,91.37268907563025,16.0,-0.3772834721386431,0.13063405042466925,17.747433771700184,1004.5625
2.0,1.0,171.0,865.2458591737789,91.37268907563025,16.0,-1.3021181509934994,-1.3647953056976427,17.921864760611435,1044.71875
2.0,1.0,172.0,993.2859151961878,91.37268907563025,18.0,0.03974232820222217,3.588164714040737,17.0154525104891,922.3055555555555
2.0,1.0,173.0,1121.3259712185968,91.37268907563025,15.0,-1.572223610966338,1.6472760442757917,16.729529637816263,912.1333333333333
2.0,1.0,174.0,1249.3660272410057,91.37268907563025,15.0,6.588595452525449,5.902986279213569,18.402673072609826,1096.6
2.0,1.0,175.0,1377.4060832634148,91.37268907563025,17.0,-7.832407408586732,1.1651986883281598,17.13711999796086,950.1470588235294
2.0,1.0,176.0,1505.4461392858236,91.37268907563025,15.0,1.4489698755065048,7.811130574442979,18.050509780526237,1039.4666666666667
2.0,1.0,177.0,1633.4861953082325,91.37268907563025,13.0,2.914376190803358,3.3070648178189828,18.932120442295773,1145.3461538461538
2.0,1.0,178.0,1761.5262513306416,91.37268907563025,15.0,-7.747354437198192,-0.6110099105063806,17.107482783024295,947.9666666666667
2.0,1.0,179.0,1889.5663073530507,91.37268907563025,14.0,-4.884493184272093,-3.682193426461729,18.64187399659594,1113.892857142857
3.0,1.5,0.0,97.00552303932531,1499.8133053221288,12.0,-3.4332151674178313,2.4543934167545935,17.741123994207566,1025.9583333333333
3.0,1.5,1.0,225.04557906173426,1499.8133053221288,17.0,2.003666741707974,-4.52977647828637,17.475186878128827,973.9705882352941
3.0,1.5,2.0,353.08563508414323,1499.8133053221288,22.0,2.9508376242915175,-7.228753621459621,14.058308798245605,639.3863636363636
3.0,1.5,3.0,481.12569110655215,1499.8133053221288,23.0,1.045254751517382,1.210627121013537,14.188050285670128,648.0217391304348
3.0,1.5,4.0,609.165747128961,1499.8133053221288,19.0,-0.3962557621235874,-6.857182109690075,15.576059405558714,781.0526315789474
3.0,1.5,5.0,737.20580315137,1499.8133053221288,19.0,-0.8459760164896232,-3.255536776464921,15.16587447731933,758.3684210526316
3.0,1.5,6.0,865.2458591737789,1499.8133053221288,19.0,7.042508565196537,6.432752779622547,16.07486588041628,833.1315789473684
3.0,1.5,7.0,993.2859151961878,1499.8133053221288,19.0,4.62727444414351,3.9176453172299563,15.132101251976774,740.578947368421
3.0,1.5,8.0,1121.3259712185968,1499.8133053221288,18.0,-0.6356466161176894,1.5752848915981,15.756823750386154,804.9722222222222
3.0,1.5,9.0,1249.3660272410057,1499.8133053221288,16.0,1.3270553842162371,-4.0817839976457435,16.082918809993906,856.96875
3.0,1.5,10.0,1377.4060832634148,1499.8133053221288,18.0,-11.353094679572937,-1.043174697121945,16.034206624501007,840.3055555555555
3.0,1.5,11.0,1505.4461392858236,1499.8133053221288,18.0,-0.6463108974030547,3.0932799491610736,15.559624364396152,809.5
3.0,1.5,12.0,1633.4861953082325,1499.8133053221288,18.0,3.0795755313855864,0.2352210826142881,15.785040345932455,806.2222222222222
3.0,1.5,13.0,1761.5262513306416,1499.8133053221288,18.0,-6.361581452339858,4.038680221024081,15.011075644565969,736.0833333333334
3.0,1.5,14.0,1889.5663073530507,1499.8133053221288,20.0,-1.1690618110530453,-3.723989600002999,15.430922009787821,764.3
3.0,1.5,15.0,97.00552303932531,1371.7732492997197,18.0,1.5823249715598293,-2.6914474037506806,17.651550068513743,1018.75
3.0,1.5,16.0,225.04557906173426,1371.7732492997197,21.0,3.36122361551036,1.7266315369899456,15.131363231142647,742.5238095238095
3.0,1.5,17.0,353.08563508414323,1371.7732492997197,22.0,-7.337674050794449,2.0852478093751277,15.336527074606199,764.7727272727273
3.0,1.5,18.0,481.12569110655215,1371.7732492997197,18.0,-2.1437200470958877,-3.4222673472538854,16.291302885649383,857.6944444444445
3.0,1.5,19.0,609.165747128961,1371.7732492997197,21.0,-3.44023522097375,1.6163197051007951,15.110962783266867,741.1666666666666
3.0,1.5,20.0,737.20580315137,1371.7732492997197,23.0,-7.015554230229816,-1.6067554484652296,15.99726995324173,823.5869565217391
3.0,1.5,21.0,865.2458591737789,1371.7732492997197,22.0,4.472556295503532,3.1171311974985305,14.773654372473997,698.6818181818181
3.0,1.5,22.0,993.2859151961878,1371.7732492997197,21.0,1.3180920342643307,4.211544440891008,15.429096389595477,758.2619047619048
3.0,1.5,23.0,1121.3259712185968,1371.7732492997197,18.0,4.999203422357868,4.164330534284955,17.313282233583276,968.6111111111111
3.0,1.5,24.0,1249.3660272410057,1371.7732492997197,19.0,5.795399675572639,-2.0870667724983227,16.47515156533716,875.3157894736842
3.0,1.5,25.0,1377.4060832634148,1371.7732492997197,20.0,-1.9182564438685104,8.70762245820409,15.722532611585384,788.975
3.0,1.5,26.0,1505.4461392858236,1371.7732492997197,18.0,-2.1038600409917385,-1.5933746072942843,16.49466608230856,884.4166666666666
3.0,1.5,27.0,1633.4861953082325,1371.7732492997197,22.0,-0.755850569853667,-2.3068110518992047,15.25221939031003,754.4772727272727
3.0,1.5,28.0,1761.5262513306416,1371.7732492997197,21.0,-2.9194841935060203,3.2888514583621924,15.193530633176815,741.3333333333334
3.0,1.5,29.0,1889.5663073530507,1371.7732492997197,18.0,-0.8251033337736632,6.43488330067591,16.3296455243071,860.4444444444445
3.0,1.5,30.0,97.00552303932531,1243.7331932773109,19.0,-0.33408539541559396,-4.385283306845045,16.680719674258956,879.8684210526316
3.0,1.5,31.0,225.04557906173426,1243.7331932773109,19.0,4.517727828304219,0.40238220365167165,17.000575679832714,929.0526315789474
3.0,1.5,32.0,353.08563508414323,1243.7331932773109,18.0,-6.225640735505555,-2.4791892161103077,16.738398036429196,905.1666666666666
3.0,1.5,33.0,481.12569110655215,1243.7331932773109,17.0,0.18727817110049044,2.4788128939889704,17.110589494439285,1023.8529411764706
3.0,1.5,34.0,609.165747128961,1243.7331932773109,17.0,2.8725862270307725,-4.5479672072446276,17.213747801872145,959.5294117647059
3.0,1.5,35.0,737.20580315137,1243.7331932773109,15.0,5.106183425475905,1.852816740746789,16.674498927886386,897.1333333333333
3.0,1.5,36.0,865.2458591737789,1243.7331932773109,17.0,2.549248696053029,-0.5775967550322696,18.21923588728656,1078.1470588235295
3.0,1.5,37.0,993.2859151961878,1243.7331932773109,17.0,-0.8868954443436033,-1.5157164978501587,17.4164940942631,968.6764705882352
3.0,1.5,38.0,1121.3259712185968,1243.7331932773109,17.0,-1.716409451910042,7.735285991666135,16.365547183363724,870.1176470588235
3.0,1.5,39.0,1249.3660272410057,1243.7331932773109,21.0,-2.278396753977921,1.065460624168736,16.585404339567038,877.6904761904761
3.0,1.5,40.0,1377.4060832634148,1243.7331932773109,19.0,5.87586431878047,-4.967713295427145,16.068546818433052,826.3157894736842
3.0,1.5,41.0,1505.4461392858236,1243.7331932773109,20.0,5.365605746106212,3.280153474460142,16.088908132368637,838.475
3.0,1.5,42.0,1633.4861953082325,1243.7331932773109,17.0,-0.8854172207902946,5.3593657890310515,17.548353234542997,998.7352941176471
3.0,1.5,43.0,1761.5262513306416,1243.7331932773109,21.0,-2.35211708964667,1.4980355210513583,16.065225838749342,839.2857142857143
3.0,1.5,44.0,1889.5663073530507,1243.7331932773109,19.0,-11.237281000056706,-2.9798187062225834,16.06957200952891,828.7368421052631
3.0,1.5,45.0,97.00552303932531,1115.693137254902,22.0,3.744057883877434,3.3851253323485007,15.050783187067985,741.3863636363636
3.0,1.5,46.0,225.04557906173426,1115.693137254902,20.0,-7.638973317946448,1.3976018631703413,15.397399377178171,768.8
3.0,1.5,47.0,353.08563508414323,1115.693137254902,17.0,3.980104533678539,-7.752855283387311,16.82712914822973,927.0
3.0,1.5,48.0,481.12569110655215,1115.693137254902,21.0,-1.140478261370224,-3.1626216325866006,15.52045695486632,770.2380952380952
3.0,1.5,49.0,609.165747128961,1115.693137254902,22.0,-2.7210356430653975,-0.9785812222176598,15.620520108375656,795.1363636363636
3.0,1.5,50.0,737.20580315137,1115.693137254902,20.0,0.09803128376231615,-10.745504374980646,16.42047823399424,877.5
3.0,1.5,51.0,865.2458591737789,1115.693137254902,16.0,7.554128200348032,1.916696770730937,16.637169166655955,917.21875
3.0,1.5,52.0,993.2859151961878,1115.693137254902,17.0,-15.081100346341847,1.6699402404339783,17.25673133258904,960.2058823529412
3.0,1.5,53.0,1121.3259712185968,1115.693137254902,18.0,-0.8413476939281694,-3.3304814224855117,16.45065677470599,882.6111111111111
3.0,1.5,54.0,1249.3660272410057,1115.693137254902,18.0,-1.7841672283935364,-4.697666029164793,15.868454356937654,820.5555555555555
3.0,1.5,55.0,1377.4060832634148,1115.693137254902,23.0,-4.009971102975791,0.6852650389464541,14.520184234844027,675.6739130434783
3.0,1.5,56.0,1505.4461392858236,1115.693137254902,20.0,-5.20584732516049,-2.223630924538487,16.233909533522898,858.4
3.0,1.5,57.0,1633.4861953082325,1115.693137254902,17.0,-5.4920716788391015,-9.930736895184191,17.423958622371508,977.6176470588235
3.0,1.5,58.0,1761.5262513306416,1115.693137254902,22.0,4.33040213705802,0.3299287256939654,15.069545114213685,738.8409090909091
3.0,1.5,59.0,1889.5663073530507,1115.693137254902,20.0,1.5611993662147887,-11.49927541093786,15.798511525919267,809.9
3.0,1.5,60.0,97.00552303932531,987.6530812324929,20.0,-0.7081197669585825,-5.013537003285732,15.638968125390647,789.025
3.0,1.5,61.0,225.04557906173426,987.6530812324929,22.0,-3.0820396159467482,1.152103957484128,15.539283349165327,776.75
3.0,1.5,62.0,353.08563508414323,987.6530812324929,20.0,5.023317719229199,4.823261553856128,15.723971389867321,804.925
3.0,1.5,63.0,481.12569110655215,987.6530812324929,16.0,-3.6818011253201712,0.14774290569104942,16.944326578568337,965.09375
3.0,1.5,64.0,609.165747128961,987.6530812324929,19.0,2.749914843807763,-0.04823284023477026,15.977481072076037,833.578947368421
3.0,1.5,65.0,737.20580315137,987.6530812324929,19.0,-0.6280032356392684,1.5326148302147675,15.088491452638445,732.6842105263158
3.0,1.5,66.0,865.2458591737789,987.6530812324929,21.0,1.5544955286997293,0.4523119741012478,15.877533365573399,819.8095238095239
3.0,1.5,67.0,993.2859151961878,987.6530812324929,24.0,0.31289369568188835,5.328037687194562,14.526389520356942,683.1875
3.0,1.5,68.0,1121.3259712185968,987.6530812324929,19.0,-1.6797126182983677,-1.3412832538461146,16.29572334770945,854.5263157894736
3.0,1.5,69.0,1249.3660272410057,987.6530812324929,22.0,-10.917554881624165,3.6621299589430083,15.508445764254079,768.5909090909091
3.0,1.5,70.0,1377.4060832634148,987.6530812324929,24.0,1.10886516713822,4.417132762585425,14.07046156004854,635.0625
3.0,1.5,71.0,1505.4461392858236,987.6530812324929,19.0,4.687661189517128,5.902454083990132,15.829600918196407,802.1052631578947
3.0,1.5,72.0,1633.4861953082325,987.6530812324929,19.0,-2.9821347716819426,2.392971375903647,17.110914193196503,935.4473684210526
3.0,1.5,73.0,1761.5262513306416,987.6530812324929,22.0,-0.2987101558667444,2.481231873651436,15.223412148438719,754.6818181818181
3.0,1.5,74.0,1889.5663073530507,987.6530812324929,16.0,4.40491576814212,0.4718392264781721,17.965117931300476,1028.09375
3.0,1.5,75.0,97.00552303932531,859.613025210084,17.0,-4.781946108337595,5.91686793042112,17.357309321341614,985.7647058823529
3.0,1.5,76.0,225.04557906173426,859.613025210084,20.0,3.2844678977172546,-0.394418997327613,15.277798213656826,772.625
3.0,1.5,77.0,353.08563508414323,859.613025210084,21.0,-1.9300298319759728,5.482201569876997,15.937013956211082,819.7857142857143
3.0,1.5,78.0,481.12569110655215,859.613025210084,20.0,1.097318200876676,1.892719989828284,15.947882046272195,818.275
3.0,1.5,79.0,609.165747128961,859.613025210084,18.0,1.138852248906763,4.027577893676987,17.180300752998573,982.8611111111111
3.0,1.5,80.0,737.20580315137,859.613025210084,17.0,1.0389717178664541,4.668724021199815,18.003099581645284,1046.0294117647059
3.0,1.5,81.0,865.2458591737789,859.613025210084,16.0,10.442738880595698,5.93585334644302,16.57641197785374,889.125
3.0,1.5,82.0,993.2859151961878,859.613025210084,20.0,7.289699692815735,-0.8143450428741191,15.890415027344133,822.35
3.0,1.5,83.0,1121.3259712185968,859.613025210084,22.0,4.568004947352717,-7.2225134591813,15.14258390681912,748.7272727272727
3.0,1.5,84.0,1249.3660272410057,859.613025210084,21.0,-3.698853007068768,-4.380258603994632,16.161059142716923,838.2619047619048
3.0,1.5,85.0,1377.4060832634148,859.613025210084,18.0,-3.5077860333457465,7.542217078164072,16.93772467200301,916.25
3.0,1.5,86.0,1505.4461392858236,859.613025210084,19.0,6.457333731131677,5.018944950736183,15.807342152078363,809.1578947368421
3.0,1.5,87.0,1633.4861953082325,859.613025210084,24.0,3.250291953147098,-2.086275577336238,15.138054110959743,745.3541666666666
3.0,1.5,88.0,1761.5262513306416,859.613025210084,18.0,-1.9174788859946148,-5.908802354994668,15.783781631551882,806.0833333333334
3.0,1.5,89.0,1889.5663073530507,859.613025210084,20.0,2.483875706662405,-0.5240781619895968,16.14308447123419,840.25
3.0,1.5,90.0,97.00552303932531,731.572969187675,17.0,-2.251151451678322,-0.29618621048223315,18.193372434575398,1063.1764705882354
3.0,1.5,91.0,225.04557906173426,731.572969187675,17.0,1.034063623740956,-6.139146504972672,17.117670004251103,955.0294117647059
3.0,1.5,92.0,353.08563508414323,731.572969187675,20.0,2.4098823607665647,3.7038748741589327,16.14661987311393,848.975
3.0,1.5,93.0,481.12569110655215,731.572969187675,21.0,-4.7926103157702675,2.3995857801203027,15.682125765744606,791.5
3.0,1.5,94.0,609.165747128961,731.572969187675,17.0,-6.661258035138092,-1.0878217775661077,17.117196734956174,930.1764705882352
3.0,1.5,95.0,737.20580315137,731.572969187675,17.0,-4.450831809710717,3.4304602368433734,16.625948471713087,885.8823529411765
3.0,1.5,96.0,865.2458591737789,731.572969187675,19.0,-0.8901198761416601,-1.0373262089908446,16.33102425464322,854.9473684210526
3.0,1.5,97.0,993.2859151961878,731.572969187675,19.0,2.9486149326626068,-2.9133081829118663,16.450098090227556,873.421052631579
3.0,1.5,98.0,1121.3259712185968,731.572969187675,18.0,-0.8086257167263966,-4.137887194243035,16.8839657724511,924.2222222222222
3.0,1.5,99.0,1249.3660272410057,731.572969187675,24.0,1.5584173080553037,3.7943832431167754,15.194396868770127,752.375
3.0,1.5,100.0,1377.4060832634148,731.572969187675,21.0,4.478867741864731,5.022843650493785,15.177691759392818,741.3333333333334
3.0,1.5,101.0,1505.4461392858236,731.572969187675,18.0,-6.481212778965652,4.895995847348558,17.187425328558856,946.8333333333334
3.0,1.5,102.0,1633.4861953082325,731.572969187675,18.0,-8.26820476165958,-1.2405115834527574,15.492938573063121,775.5277777777778
3.0,1.5,103.0,1761.5262513306416,731.572969187675,17.0,-6.7277098424217785,3.8216160683501,16.643766506375968,887.3529411764706
3.0,1.5,104.0,1889.5663073530507,731.572969187675,21.0,-8.663567019405317,-2.0042272357991178,15.550609616145566,791.0238095238095
3.0,1.5,105.0,97.00552303932531,603.532913165266,17.0,3.7376386601989497,1.310874198570797,16.798980635982012,914.3823529411765
3.0,1.5,106.0,225.04557906173426,603.532913165266,18.0,-3.9375145295920038,1.1999395877109638,16.036601294072522,824.3055555555555
3.0,1.5,107.0,353.08563508414323,603.532913165266,15.0,-2.505634632380397,-6.0516681792151985,18.934768713855348,1142.466666666667
3.0,1.5,108.0,481.12569110655215,603.532913165266,18.0,-4.245424392210762,7.180088044963213,15.798068143426491,814.4166666666666
3.0,1.5,109.0,609.165747128961,603.532913165266,25.0,5.697576234272333,-4.528287041653373,14.718298218109933,695.6
3.0,1.5,110.0,737.20580315137,603.532913165266,20.0,-8.479332114083876,-7.0732506156858355,16.04591997539615,842.625
3.0,1.5,111.0,865.2458591737789,603.532913165266,19.0,-1.3105670812044767,4.803306222490096,16.619899654074256,893.578947368421
3.0,1.5,112.0,993.2859151961878,603.532913165266,21.0,-1.9163425425928415,2.2108208818899935,16.10071906413844,831.0952380952381
3.0,1.5,113.0,1121.3259712185968,603.532913165266,15.0,2.460799193435171,2.542809210374881,17.29528854425566,959.9666666666667
3.0,1.5,114.0,1249.3660272410057,603.532913165266,23.0,3.9226925946478937,1.1588307418646613,14.823580750716967,717.8260869565217
3.0,1.5,115.0,1377.4060832634148,603.532913165266,19.0,3.1076118496023564,-8.364529471809668,16.946107450852235,918.8157894736842
3.0,1.5,116.0,1505.4461392858236,603.532913165266,18.0,-1.5384200140795201,7.624230714345496,16.676339955152645,895.8611111111111
3.0,1.5,117.0,1633.4861953082325,603.532913165266,18.0,3.187869672223979,-5.716013920814301,16.53174261454914,877.3055555555555
3.0,1.5,118.0,1761.5262513306416,603.532913165266,23.0,-1.7896882368589961,5.0349562082513115,14.919499281434332,719.0217391304348
3.0,1.5,119.0,1889.5663073530507,603.532913165266,20.0,-1.6185429127478226,-0.6031747569255307,15.001868042844507,745.8
3.0,1.5,120.0,97.00552303932531,475.4928571428571,16.0,8.966375562555335,-3.195674390616556,17.682208233383914,1010.40625
3.0,1.5,121.0,225.04557906173426,475.4928571428571,18.0,0.3439799783534401,0.9665155315727624,16.873484218269112,926.4444444444445
3.0,1.5,122.0,353.08563508414323,475.4928571428571,14.0,-1.6931548250700272,-2.792676267115657,18.248081333006535,1072.357142857143
3.0,1.5,123.0,481.12569110655215,475.4928571428571,18.0,-8.300285207561323,3.5274183792814835,16.589779043075893,881.1944444444445
3.0,1.5,124.0,609.165747128961,475.4928571428571,19.0,-0.2795272895599997,4.448564556620795,16.08092103244177,866.7105263157895
3.0,1.5,125.0,737.20580315137,475.4928571428571,22.0,-0.48679087375411323,1.2848591589535299,15.052178569842953,741.5227272727273
3.0,1.5,126.0,865.2458591737789,475.4928571428571,13.0,-12.50448671682859,1.5311500516720078,18.09879467494724,1077.076923076923
3.0,1.5,127.0,993.2859151961878,475.4928571428571,20.0,3.194428146175843,1.5042723239025122,15.950822022197992,837.875
3.0,1.5,128.0,1121.3259712185968,475.4928571428571,18.0,7.1728967735737985,10.500665644742254,17.343891913756458,964.6388888888889
3.0,1.5,129.0,1249.3660272410057,475.4928571428571,21.0,4.123758725738916,8.236719378520215,14.680202868311916,689.9761904761905
3.0,1.5,130.0,1377.4060832634148,475.4928571428571,19.0,5.282448875464259,-2.2027778469353145,16.235388579767797,842.421052631579
3.0,1.5,131.0,1505.4461392858236,475.4928571428571,16.0,-0.058147780361278094,-6.4384634597748285,18.058597558317395,1065.59375
3.0,1.5,132.0,1633.4861953082325,475.4928571428571,15.0,1.7337544763492867,3.590525020818448,18.50815605130666,1123.0
3.0,1.5,133.0,1761.5262513306416,475.4928571428571,19.0,-0.2419656039252144,0.7998304171102468,16.75325143417134,905.5263157894736
3.0,1.5,134.0,1889.5663073530507,475.4928571428571,22.0,4.118651805981841,-3.0015357271450327,15.875912997496492,828.3636363636364
3.0,1.5,135.0,97.00552303932531,347.4528011204482,24.0,4.982492054849985,1.639189004557617,15.259578753206123,759.7916666666666
3.0,1.5,136.0,225.04557906173426,347.4528011204482,18.0,0.5330436563666973,-0.7979882187177408,17.55762575457739,988.3055555555555
3.0,1.5,137.0,353.08563508414323,347.4528011204482,14.0,0.6679727501464754,7.621859569088201,18.193941506851367,1079.892857142857
3.0,1.5,138.0,481.12569110655215,347.4528011204482,17.0,-3.102230915552673,-1.3839886600462026,17.195068657921276,954.3529411764706
3.0,1.5,139.0,609.165747128961,347.4528011204482,22.0,8.122087125723331,0.007585966601807215,15.206843617067419,742.5909090909091
3.0,1.5,140.0,737.20580315137,347.4528011204482,17.0,3.014846980748663,-3.0549209419103533,16.791339528272772,905.3529411764706
3.0,1.5,141.0,865.2458591737789,347.4528011204482,19.0,-2.685653464853696,0.7600670967924831,16.575473469908,884.8947368421053
3.0,1.5,142.0,993.2859151961878,347.4528011204482,20.0,1.747360021576778,-1.701740290572559,15.660774769807812,799.375
3.0,1.5,143.0,1121.3259712185968,347.4528011204482,19.0,4.093850858468461,-4.263151625383093,16.02392930778883,827.1052631578947
3.0,1.5,144.0,1249.3660272410057,347.4528011204482,23.0,-1.2558042682059554,-2.3049218853318263,14.97717827924891,725.8913043478261
3.0,1.5,145.0,1377.4060832634148,347.4528011204482,21.0,2.339848830861714,6.002653331374419,15.625046304637316,781.3571428571429
3.0,1.5,146.0,1505.4461392858236,347.4528011204482,12.0,2.7074186699229585,0.7653720702212761,19.044462878323532,1200.0833333333333
3.0,1.5,147.0,1633.4861953082325,347.4528011204482,19.0,-3.242374063343862,2.764955289024531,16.257127876562286,861.2368421052631
3.0,1.5,148.0,1761.5262513306416,347.4528011204482,18.0,-2.2421268116910746,2.145110917494037,16.40783452221203,896.5
3.0,1.5,149.0,1889.5663073530507,347.4528011204482,20.0,2.7348098441757935,-1.008834998733644,15.904253686515455,817.45
3.0,1.5,150.0,97.00552303932531,219.41274509803912,12.0,-1.5951115172820405,-0.7703498484416462,16.026493511469003,842.8333333333334
3.0,1.5,151.0,225.04557906173426,219.41274509803912,19.0,-4.901317674069455,2.4174615717494397,16.68511909751628,900.3421052631579
3.0,1.5,152.0,353.08563508414323,219.41274509803912,14.0,7.339733419267148,-3.030263445517832,17.79817621660315,1025.5357142857142
3.0,1.5,153.0,481.12569110655215,219.41274509803912,15.0,4.92555181736177,-5.049572062748552,18.856980466762398,1144.3333333333333
3.0,1.5,154.0,609.165747128961,219.41274509803912,20.0,2.3113626325862926,-1.2877555212544398,16.472327521569376,871.95
3.0,1.5,155.0,737.20580315137,219.41274509803912,24.0,-3.6961562553695084,-8.131881850823602,14.67974687004096,708.9791666666666
3.0,1.5,156.0,865.2458591737789,219.41274509803912,19.0,-0.23092100812250446,7.068898110355809,16.800875266889264,906.0263157894736
3.0,1.5,157.0,993.2859151961878,219.41274509803912,18.0,4.54827083333015,2.601268675194447,16.63277335290188,891.2777777777778
3.0,1.5,158.0,1121.3259712185968,219.41274509803912,20.0,8.96625951588304,1.7540780285561495,15.839381858095702,804.8
3.0,1.5,159.0,1249.3660272410057,219.41274509803912,20.0,6.553785091459793,3.160983099896896,15.793429562895549,799.8
3.0,1.5,160.0,1377.4060832634148,219.41274509803912,21.0,-5.019969546706956,-1.6726822196624767,15.015034018749846,729.7380952380952
3.0,1.5,161.0,1505.4461392858236,219.41274509803912,21.0,2.5472470951102575,3.1453293247019434,16.136145858334448,839.5952380952381
3.0,1.5,162.0,1633.4861953082325,219.41274509803912,23.0,-1.0872896900510616,-5.4397555610060975,14.674771124435322,707.1086956521739
3.0,1.5,163.0,1761.5262513306416,219.41274509803912,18.0,2.1698949398473357,-4.8734437169577465,17.04529581519338,941.9166666666666
3.0,1.5,164.0,1889.5663073530507,219.41274509803912,18.0,-8.232314136779374,5.316951710262302,16.310455701604095,856.3611111111111
3.0,1.5,165.0,97.00552303932531,91.37268907563025,6.0,-7.9006221887583905,4.586994166803784,19.03768392841831,1142.6666666666667
3.0,1.5,166.0,225.04557906173426,91.37268907563025,18.0,-2.842557378060891,1.302729577249385,16.26933026852168,865.6666666666665
3.0,1.5,167.0,353.08563508414323,91.37268907563025,15.0,-3.915772683264371,-1.4564289300989184,17.831084434554047,1040.2
3.0,1.5,168.0,481.12569110655215,91.37268907563025,12.0,-1.2837175450732587,1.9784117750278298,19.52183091614513,1246.8333333333333
3.0,1.5,169.0,609.165747128961,91.37268907563025,16.0,-0.45099164491658544,11.225655600361288,17.208444583384924,960.8125
3.0,1.5,170.0,737.20580315137,91.37268907563025,19.0,-0.3772834721386431,0.13063405042466913,16.238107961191048,840.5526315789474
3.0,1.5,171.0,865.2458591737789,91.37268907563025,19.0,0.624724815077261,-0.49432430336437316,15.234551262545853,755.5263157894736
3.0,1.5,172.0,993.2859151961878,91.37268907563025,18.0,0.3963977032219191,0.6265506555955151,16.574658686902826,875.5
3.0,1.5,173.0,1121.3259712185968,91.37268907563025,18.0,-1.572223610966338,1.6472760442757917,15.165536742283296,750.6944444444445
3.0,1.5,174.0,1249.3660272410057,91.37268907563025,20.0,5.172790219724832,3.9971409458737788,16.366562970675798,860.925
3.0,1.5,175.0,1377.4060832634148,91.37268907563025,21.0,-7.461877443951413,2.16859683630329,15.801836334541346,794.2857142857143
3.0,1.5,176.0,1505.4461392858236,91.37268907563025,16.0,6.142298539072726,2.1034109607407316,17.40858026993842,982.03125
3.0,1.5,177.0,1633.4861953082325,91.37268907563025,16.0,6.424990376119745,6.860801032997224,17.26374630697539,958.28125
3.0,1.5,178.0,1761.5262513306416,91.37268907563025,14.0,-8.057500197156465,-5.341486954142422,17.321943430395695,967.8928571428571
3.0,1.5,179.0,1889.5663073530507,91.37268907563025,21.0,-6.139822376772092,-5.310155088140255,14.851197712475662,708.5952380952381
