Frame,T,Ngrid,x_center,y_center,cell_number,number_density,mean_velocity_X,mean_velocity_Y,mean_area
0.0,0.0,0.0,99.66611120652131,961.7971125750321,16.0,0.0016251538052197633,-0.0029753839708922323,0.0027341976069671157,616.322306425539
0.0,0.0,1.0,198.8892032876147,961.7971125750321,18.0,0.0018282980308722337,-0.0029364115591124815,0.0029593608075625224,490.5345794852567
0.0,0.0,2.0,298.11229536870803,961.7971125750321,18.0,0.0018282980308722337,-0.0027142017055853864,0.002054473578586258,440.36266936492575
0.0,0.0,3.0,397.33538744980143,961.7971125750321,18.0,0.0018282980308722337,-0.0028071337277728588,0.00202057832605123,596.5938898378719
0.0,0.0,4.0,496.5584795308948,961.7971125750321,21.0,0.0021330143693509395,-0.0024990013805039533,0.0018035340158990992,398.92075543495605
0.0,0.0,5.0,595.7815716119882,961.7971125750321,21.0,0.0021330143693509395,-0.0027996935115506523,0.0028197915199791694,510.8129170927889
0.0,0.0,6.0,695.0046636930816,961.7971125750321,18.0,0.0018282980308722337,-0.002423320844519817,0.0030551043230390503,546.2576740469714
0.0,0.0,7.0,794.227755774175,961.7971125750321,22.0,0.0022345864821771747,-0.0030344867787463047,0.0002693818512974895,452.51702130731405
0.0,0.0,8.0,893.4508478552683,961.7971125750321,18.0,0.0018282980308722337,-0.004864066871093857,0.003283800496712663,546.926632848576
0.0,0.0,9.0,992.6739399363616,961.7971125750321,23.0,0.00233615859500341,-0.00392219454616,0.0032287279378854605,457.7055921329888
0.0,0.0,10.0,1091.8970320174549,961.7971125750321,16.0,0.0016251538052197633,-0.0032097124063789418,0.001615694062461503,550.6499167048744
0.0,0.0,11.0,1191.1201240985483,961.7971125750321,17.0,0.0017267259180459985,-0.002770888827769377,0.0015310374560779502,502.58895475338295
0.0,0.0,12.0,99.66611120652131,862.5740204939387,16.0,0.0016251538052197633,-0.0019163919269604374,0.0022246835620401777,556.2348424893214
0.0,0.0,13.0,198.8892032876147,862.5740204939387,20.0,0.0020314422565247043,-0.002046865654331125,0.003528866179146665,519.3268010286971
0.0,0.0,14.0,298.11229536870803,862.5740204939387,19.0,0.001929870143698469,-0.0013783123868796418,0.00288555681229085,502.59745708131635
0.0,0.0,15.0,397.33538744980143,862.5740204939387,14.0,0.001422009579567293,-0.002586620996188338,0.0027065289211491176,705.1228150144556
0.0,0.0,16.0,496.5584795308948,862.5740204939387,24.0,0.002437730707829645,-0.002432764210945357,0.003223919904248603,420.4934193453419
0.0,0.0,17.0,595.7815716119882,862.5740204939387,19.0,0.001929870143698469,-0.0026928791045793808,0.0023558408259673584,513.5491094843137
0.0,0.0,18.0,695.0046636930816,862.5740204939387,17.0,0.0017267259180459985,-0.0035732786745220004,0.002956251865061929,528.1999285634147
0.0,0.0,19.0,794.227755774175,862.5740204939387,20.0,0.0020314422565247043,-0.003154285346055302,0.0021950758785307363,480.73139901192025
0.0,0.0,20.0,893.4508478552683,862.5740204939387,18.0,0.0018282980308722337,-0.004294747911892324,0.0027477382692232587,551.0577468514664
0.0,0.0,21.0,992.6739399363616,862.5740204939387,19.0,0.001929870143698469,-0.004285208647408654,0.003356475722460884,503.6092341053493
0.0,0.0,22.0,1091.8970320174549,862.5740204939387,19.0,0.001929870143698469,-0.003141565439835963,0.002716675569585256,533.6401103901171
0.0,0.0,23.0,1191.1201240985483,862.5740204939387,15.0,0.0015235816923935281,-0.0024740492913135517,0.0026383908749402227,614.4985134822172
0.0,0.0,24.0,99.66611120652131,763.3509284128454,21.0,0.0021330143693509395,-0.003312157909069615,0.0027645333412404612,458.8453807155197
0.0,0.0,25.0,198.8892032876147,763.3509284128454,24.0,0.002437730707829645,-0.002457040896560679,0.00225890013470914,403.55819915735657
0.0,0.0,26.0,298.11229536870803,763.3509284128454,19.0,0.001929870143698469,-0.002917319999628918,0.002298508590249633,539.5662329594549
0.0,0.0,27.0,397.33538744980143,763.3509284128454,28.0,0.002844019159134586,-0.0016084942972281328,0.002729701742683244,375.92718279183913
0.0,0.0,28.0,496.5584795308948,763.3509284128454,21.0,0.0021330143693509395,-0.003128748553440412,0.002571537299702567,447.88049208771804
0.0,0.0,29.0,595.7815716119882,763.3509284128454,22.0,0.0022345864821771747,-0.0018677607706266757,0.0037360770189535496,467.76544107211515
0.0,0.0,30.0,695.0046636930816,763.3509284128454,23.0,0.00233615859500341,-0.001961118709745503,0.0036765515259343366,429.5266593642611
0.0,0.0,31.0,794.227755774175,763.3509284128454,20.0,0.0020314422565247043,-0.0031430976661691286,0.0024903295930859405,450.33250273269675
0.0,0.0,32.0,893.4508478552683,763.3509284128454,17.0,0.0017267259180459985,-0.004331323179269493,0.0033082105674112163,564.5101010393545
0.0,0.0,33.0,992.6739399363616,763.3509284128454,18.0,0.0018282980308722337,-0.004372489328493099,0.003998388663704801,589.3174958555084
0.0,0.0,34.0,1091.8970320174549,763.3509284128454,18.0,0.0018282980308722337,-0.003541380396899491,0.0023369402192455805,477.54269539093923
0.0,0.0,35.0,1191.1201240985483,763.3509284128454,17.0,0.0017267259180459985,-0.0012857934329283344,0.003239323602588561,570.7730465998856
0.0,0.0,36.0,99.66611120652131,664.127836331752,20.0,0.0020314422565247043,-0.003491148789744274,0.002225989606279404,495.20203414136313
0.0,0.0,37.0,198.8892032876147,664.127836331752,24.0,0.002437730707829645,-0.002451731609152736,0.0008844404406461989,467.50537933704146
0.0,0.0,38.0,298.11229536870803,664.127836331752,18.0,0.0018282980308722337,-0.002898400873879202,0.0022914116343537676,517.9736264703638
0.0,0.0,39.0,397.33538744980143,664.127836331752,22.0,0.0022345864821771747,-0.0026248122914630826,0.0027431213636031175,467.4005544530581
0.0,0.0,40.0,496.5584795308948,664.127836331752,20.0,0.0020314422565247043,-0.0026693879962491644,0.0032455910324694407,491.1565938095555
0.0,0.0,41.0,595.7815716119882,664.127836331752,24.0,0.002437730707829645,-0.0018721079475333437,0.004014681892855125,401.6569478264808
0.0,0.0,42.0,695.0046636930816,664.127836331752,21.0,0.0021330143693509395,-0.0026824206015385686,0.0040109107157951995,459.4891906899961
0.0,0.0,43.0,794.227755774175,664.127836331752,25.0,0.0025393028206558803,-0.0037723468028662836,0.004170852946302629,389.40162258108796
0.0,0.0,44.0,893.4508478552683,664.127836331752,20.0,0.0020314422565247043,-0.00373330496328742,0.0032788736906888757,468.2993278094721
0.0,0.0,45.0,992.6739399363616,664.127836331752,23.0,0.00233615859500341,-0.004279650446214941,0.0030582916358583134,468.77326292383515
0.0,0.0,46.0,1091.8970320174549,664.127836331752,17.0,0.0017267259180459985,-0.003623075125578825,0.0006633060599601946,573.0222393507914
0.0,0.0,47.0,1191.1201240985483,664.127836331752,19.0,0.001929870143698469,-0.003312068037466643,0.0011330557390726466,490.5673170812726
0.0,0.0,48.0,99.66611120652131,564.9047442506586,14.0,0.001422009579567293,-0.0028926807361157256,0.004243744098690798,568.3836121541732
0.0,0.0,49.0,198.8892032876147,564.9047442506586,19.0,0.001929870143698469,-0.003116402803230969,0.0025157729801062122,481.4390870073019
0.0,0.0,50.0,298.11229536870803,564.9047442506586,16.0,0.0016251538052197633,-0.003405277669916256,0.0023746505106536225,590.1536943575138
0.0,0.0,51.0,397.33538744980143,564.9047442506586,18.0,0.0018282980308722337,-0.003442886213998545,0.00164702695397974,551.8910113236402
0.0,0.0,52.0,496.5584795308948,564.9047442506586,19.0,0.001929870143698469,-0.0027080619253762967,0.003781141278484483,502.4640359352898
0.0,0.0,53.0,595.7815716119882,564.9047442506586,20.0,0.0020314422565247043,-0.002128019903915659,0.0035674609479444085,459.05713383993725
0.0,0.0,54.0,695.0046636930816,564.9047442506586,19.0,0.001929870143698469,-0.002650353509727603,0.00316531201853759,584.3846195954778
0.0,0.0,55.0,794.227755774175,564.9047442506586,17.0,0.0017267259180459985,-0.003788201231732136,0.0046616586465793,544.5283223462295
0.0,0.0,56.0,893.4508478552683,564.9047442506586,15.0,0.0015235816923935281,-0.004399976143726139,0.0032108454609027282,604.9500067982641
0.0,0.0,57.0,992.6739399363616,564.9047442506586,16.0,0.0016251538052197633,-0.004546961639623954,0.0028145560859853,551.3496828197104
0.0,0.0,58.0,1091.8970320174549,564.9047442506586,20.0,0.0020314422565247043,-0.004692121052327821,0.0018417598479294863,526.319180923362
0.0,0.0,59.0,1191.1201240985483,564.9047442506586,21.0,0.0021330143693509395,-0.0032402134999300375,0.0013356390441052256,509.70636869915757
0.0,0.0,60.0,99.66611120652131,465.6816521695652,16.0,0.0016251538052197633,-0.0017737604144494135,0.0037999178717260103,624.019733688737
0.0,0.0,61.0,198.8892032876147,465.6816521695652,18.0,0.0018282980308722337,-0.0016268319873446436,0.0023453060793146596,547.3608692636524
0.0,0.0,62.0,298.11229536870803,465.6816521695652,20.0,0.0020314422565247043,-0.0037163039735120295,0.0010970547198730079,481.6503371551768
0.0,0.0,63.0,397.33538744980143,465.6816521695652,19.0,0.001929870143698469,-0.004239248380540912,0.0011947629516254785,513.5602279131492
0.0,0.0,64.0,496.5584795308948,465.6816521695652,19.0,0.001929870143698469,-0.003436760293343719,0.0026803989467190223,577.9915230150478
0.0,0.0,65.0,595.7815716119882,465.6816521695652,23.0,0.00233615859500341,-0.002281392081253113,0.003008348502042672,423.3269267635795
0.0,0.0,66.0,695.0046636930816,465.6816521695652,18.0,0.0018282980308722337,-0.0017896955958638934,0.003109821221343498,565.7161598901313
0.0,0.0,67.0,794.227755774175,465.6816521695652,18.0,0.0018282980308722337,-0.0025581006218386333,0.0023479934693932934,542.9715606355816
0.0,0.0,68.0,893.4508478552683,465.6816521695652,17.0,0.0017267259180459985,-0.004436837959240115,0.0032953813231493493,594.3833572447478
0.0,0.0,69.0,992.6739399363616,465.6816521695652,18.0,0.0018282980308722337,-0.004973360274790495,0.003957599703972232,599.4222945955329
0.0,0.0,70.0,1091.8970320174549,465.6816521695652,15.0,0.0015235816923935281,-0.004156531460905088,0.002306348578581832,619.9628506405865
0.0,0.0,71.0,1191.1201240985483,465.6816521695652,20.0,0.0020314422565247043,-0.0026290199088150387,0.0015712345180398687,505.10966607670434
0.0,0.0,72.0,99.66611120652131,366.45856008847176,19.0,0.001929870143698469,-0.0017428307874103183,0.002708825921974491,577.0353381351924
0.0,0.0,73.0,198.8892032876147,366.45856008847176,15.0,0.0015235816923935281,-0.0016898471001014525,0.0014663605397953773,582.4166576915891
0.0,0.0,74.0,298.11229536870803,366.45856008847176,21.0,0.0021330143693509395,-0.003992289517665406,0.000749534906621503,459.7105003687224
0.0,0.0,75.0,397.33538744980143,366.45856008847176,17.0,0.0017267259180459985,-0.0051756398354197855,0.00103768980595904,636.6085338611897
0.0,0.0,76.0,496.5584795308948,366.45856008847176,14.0,0.001422009579567293,-0.004440327552262531,0.0025393580578374556,584.6196949480003
0.0,0.0,77.0,595.7815716119882,366.45856008847176,17.0,0.0017267259180459985,-0.005087230713567011,0.002910602205655978,568.0889270739438
0.0,0.0,78.0,695.0046636930816,366.45856008847176,24.0,0.002437730707829645,-0.0031246373208244104,0.001305147076346277,440.016453844797
0.0,0.0,79.0,794.227755774175,366.45856008847176,22.0,0.0022345864821771747,-0.0023993403726405354,0.0017159597453116036,431.1711540924822
0.0,0.0,80.0,893.4508478552683,366.45856008847176,19.0,0.001929870143698469,-0.003258348512438643,0.002967402821114078,497.938835399229
0.0,0.0,81.0,992.6739399363616,366.45856008847176,19.0,0.001929870143698469,-0.004424232069094463,0.0036656040463313292,475.94658316255004
0.0,0.0,82.0,1091.8970320174549,366.45856008847176,20.0,0.0020314422565247043,-0.0031516569831374743,0.0024237395992250743,531.5687470980574
0.0,0.0,83.0,1191.1201240985483,366.45856008847176,20.0,0.0020314422565247043,-0.0014641305531546773,0.0013719925914157432,438.0377441263669
0.0,0.0,84.0,99.66611120652131,267.2354680073784,17.0,0.0017267259180459985,-0.0021071843987877687,0.003059669333753561,551.0895034096435
0.0,0.0,85.0,198.8892032876147,267.2354680073784,20.0,0.0020314422565247043,-0.002433105073109043,0.0015530301196902386,508.7326061127619
0.0,0.0,86.0,298.11229536870803,267.2354680073784,19.0,0.001929870143698469,-0.002688413308373402,0.00013996149034435786,501.3410746229012
0.0,0.0,87.0,397.33538744980143,267.2354680073784,17.0,0.0017267259180459985,-0.0042625612295918314,0.001318215240794721,548.0574424636718
0.0,0.0,88.0,496.5584795308948,267.2354680073784,17.0,0.0017267259180459985,-0.00487475405414255,0.0026772408496103343,583.6965850581263
0.0,0.0,89.0,595.7815716119882,267.2354680073784,16.0,0.0016251538052197633,-0.0042608176874373155,0.002343395311557431,579.261108607705
0.0,0.0,90.0,695.0046636930816,267.2354680073784,23.0,0.00233615859500341,-0.002497804304209963,0.0010690201667639438,439.8871013991779
0.0,0.0,91.0,794.227755774175,267.2354680073784,29.0,0.002945591271960821,-0.0031834376422648788,0.0015734093294796228,354.23007554721625
0.0,0.0,92.0,893.4508478552683,267.2354680073784,20.0,0.0020314422565247043,-0.0032499158932264892,0.0024007037363626797,551.5424485796464
0.0,0.0,93.0,992.6739399363616,267.2354680073784,23.0,0.00233615859500341,-0.00274288989233264,0.001317782629442354,418.550836463795
0.0,0.0,94.0,1091.8970320174549,267.2354680073784,25.0,0.0025393028206558803,-0.002155991155782231,0.0025171135132017962,416.15434130798786
0.0,0.0,95.0,1191.1201240985483,267.2354680073784,19.0,0.001929870143698469,-0.0017274658484269037,0.0019232850327486515,548.2052521646619
0.0,0.0,96.0,99.66611120652131,168.01237592628507,17.0,0.0017267259180459985,-0.0033338876621182324,0.0030087410333382784,583.6095997031188
0.0,0.0,97.0,198.8892032876147,168.01237592628507,20.0,0.0020314422565247043,-0.002481735409227478,0.0027022433991073114,456.26863188798626
0.0,0.0,98.0,298.11229536870803,168.01237592628507,15.0,0.0015235816923935281,-0.003786001892296082,0.002740648545953194,655.9598758384994
0.0,0.0,99.0,397.33538744980143,168.01237592628507,18.0,0.0018282980308722337,-0.00407257522443464,0.0015758639591983694,552.0553169942098
0.0,0.0,100.0,496.5584795308948,168.01237592628507,18.0,0.0018282980308722337,-0.004511911689851606,0.000996768103676631,555.3296942862736
0.0,0.0,101.0,595.7815716119882,168.01237592628507,16.0,0.0016251538052197633,-0.003397166077848727,0.003127463167580958,507.1059799741239
0.0,0.0,102.0,695.0046636930816,168.01237592628507,24.0,0.002437730707829645,-0.002800770429776398,0.002033197075806769,431.87452106211185
0.0,0.0,103.0,794.227755774175,168.01237592628507,23.0,0.00233615859500341,-0.002740024248641587,0.002416581938389965,426.33035277902087
0.0,0.0,104.0,893.4508478552683,168.01237592628507,20.0,0.0020314422565247043,-0.0018656947044427285,0.0029573615361390125,435.5238673666537
0.0,0.0,105.0,992.6739399363616,168.01237592628507,20.0,0.0020314422565247043,-0.002469593218864219,0.0016940894646921016,548.5426964798202
0.0,0.0,106.0,1091.8970320174549,168.01237592628507,22.0,0.0022345864821771747,-0.0017924427320281612,0.001772493905446758,407.261478264803
0.0,0.0,107.0,1191.1201240985483,168.01237592628507,19.0,0.001929870143698469,-0.0022886109316230877,0.003358213535003533,563.7599341055687
0.0,0.0,108.0,99.66611120652131,68.78928384519179,17.0,0.0017267259180459985,-0.002463918607384217,0.0023576894909926684,524.1737492745015
0.0,0.0,109.0,198.8892032876147,68.78928384519179,16.0,0.0016251538052197633,-0.0033738382607202497,0.0024675085853667353,571.8145408951084
0.0,0.0,110.0,298.11229536870803,68.78928384519179,15.0,0.0015235816923935281,-0.004272711145188552,0.0031844698018049324,594.6128328955768
0.0,0.0,111.0,397.33538744980143,68.78928384519179,15.0,0.0015235816923935281,-0.003733777476469646,0.002598513459249543,608.8792595487402
0.0,0.0,112.0,496.5584795308948,68.78928384519179,18.0,0.0018282980308722337,-0.0030248850153383154,0.0015924002955477786,563.0637969223666
0.0,0.0,113.0,595.7815716119882,68.78928384519179,13.0,0.0013204374667410577,-0.0031973565101639885,0.0024789899357120708,722.8492559943905
0.0,0.0,114.0,695.0046636930816,68.78928384519179,18.0,0.0018282980308722337,-0.0027422276704473303,0.0011364073983101905,480.7466559670447
0.0,0.0,115.0,794.227755774175,68.78928384519179,22.0,0.0022345864821771747,-0.003046868481722068,0.0031808939166232996,466.9780541573081
0.0,0.0,116.0,893.4508478552683,68.78928384519179,16.0,0.0016251538052197633,-0.003151483892532163,0.0025599179963226183,609.9319894523176
0.0,0.0,117.0,992.6739399363616,68.78928384519179,14.0,0.001422009579567293,-0.002589229997245006,0.0015942988475368006,546.9115435522991
0.0,0.0,118.0,1091.8970320174549,68.78928384519179,15.0,0.0015235816923935281,-0.0007916812116604136,0.002070783872261719,673.7048882600058
0.0,0.0,119.0,1191.1201240985483,68.78928384519179,23.0,0.00233615859500341,-0.0016513210386087808,0.002162827392939692,400.7139761519078
1.0,600.2135620117188,0.0,99.66611120652131,961.7971125750321,15.0,0.0015235816923935281,-0.0022640149992402044,0.00012771958738632888,616.6110149609682
1.0,600.2135620117188,1.0,198.8892032876147,961.7971125750321,20.0,0.0020314422565247043,-0.00259758149428008,-0.0007744534250680137,481.20671184463924
1.0,600.2135620117188,2.0,298.11229536870803,961.7971125750321,19.0,0.001929870143698469,-0.0017308710035975174,0.0005371228832584869,441.76853292212934
1.0,600.2135620117188,3.0,397.33538744980143,961.7971125750321,19.0,0.001929870143698469,-0.00189974795543434,0.0011302522523764153,550.0286744936888
1.0,600.2135620117188,4.0,496.5584795308948,961.7971125750321,23.0,0.00233615859500341,-0.0024366980981212036,0.00018584402397754698,372.9116197337403
1.0,600.2135620117188,5.0,595.7815716119882,961.7971125750321,21.0,0.0021330143693509395,-0.002041145724867863,0.0005630074163747361,521.6269127578225
1.0,600.2135620117188,6.0,695.0046636930816,961.7971125750321,19.0,0.001929870143698469,-0.0016252395748177645,0.0016948134300880343,506.8002231811465
1.0,600.2135620117188,7.0,794.227755774175,961.7971125750321,19.0,0.001929870143698469,-0.0012895336522953974,-0.0008822777593350884,504.29857669315214
1.0,600.2135620117188,8.0,893.4508478552683,961.7971125750321,17.0,0.0017267259180459985,-0.00326184472984944,0.0006707300266606901,525.5530884753326
1.0,600.2135620117188,9.0,992.6739399363616,961.7971125750321,21.0,0.0021330143693509395,-0.003953965592947912,0.0017203206562211419,468.57294704862466
1.0,600.2135620117188,10.0,1091.8970320174549,961.7971125750321,16.0,0.0016251538052197633,-0.0018977467292228024,-0.00011791139863515635,556.076404878415
1.0,600.2135620117188,11.0,1191.1201240985483,961.7971125750321,19.0,0.001929870143698469,-0.0006501506052370123,-0.0006431995532018873,495.5706100572611
1.0,600.2135620117188,12.0,99.66611120652131,862.5740204939387,17.0,0.0017267259180459985,-0.0017062579925781242,0.0007587649541219683,579.6828322484998
1.0,600.2135620117188,13.0,198.8892032876147,862.5740204939387,17.0,0.0017267259180459985,-0.0012378635392003043,0.0016081187808698921,515.7858757559322
1.0,600.2135620117188,14.0,298.11229536870803,862.5740204939387,20.0,0.0020314422565247043,-0.0004947237647251091,0.0008339462046531177,510.33810723661253
1.0,600.2135620117188,15.0,397.33538744980143,862.5740204939387,13.0,0.0013204374667410577,-0.0008024327170424763,0.0009841181021482688,734.2567639796446
1.0,600.2135620117188,16.0,496.5584795308948,862.5740204939387,23.0,0.00233615859500341,-0.0016858406709138033,0.0007553065496789417,406.57387155818185
1.0,600.2135620117188,17.0,595.7815716119882,862.5740204939387,19.0,0.001929870143698469,-0.0020189110992998773,0.00038520440770044116,515.9840453992949
1.0,600.2135620117188,18.0,695.0046636930816,862.5740204939387,18.0,0.0018282980308722337,-0.0020206610687194763,0.00025644720652815377,504.0193805912825
1.0,600.2135620117188,19.0,794.227755774175,862.5740204939387,20.0,0.0020314422565247043,-0.0020252658980757688,-0.0005162056579499925,470.3273292290725
1.0,600.2135620117188,20.0,893.4508478552683,862.5740204939387,18.0,0.0018282980308722337,-0.0031454559491829086,0.0004943503028171691,550.4474686464938
1.0,600.2135620117188,21.0,992.6739399363616,862.5740204939387,19.0,0.001929870143698469,-0.002341797464080339,0.0005588516393994059,498.9839677097687
1.0,600.2135620117188,22.0,1091.8970320174549,862.5740204939387,19.0,0.001929870143698469,-0.0034030974870872975,-0.001188979431365985,539.0547852330204
1.0,600.2135620117188,23.0,1191.1201240985483,862.5740204939387,17.0,0.0017267259180459985,-0.001977414124560958,0.0007129590745306539,589.9595306186577
1.0,600.2135620117188,24.0,99.66611120652131,763.3509284128454,21.0,0.0021330143693509395,-0.002515879773029364,0.00023949913991167513,445.16441875789576
1.0,600.2135620117188,25.0,198.8892032876147,763.3509284128454,26.0,0.0026408749334821155,-0.0023184574325724933,0.000524453060375763,403.3334073333357
1.0,600.2135620117188,26.0,298.11229536870803,763.3509284128454,18.0,0.0018282980308722337,-0.0010703062128142127,0.00046866829403378283,504.1719501425254
1.0,600.2135620117188,27.0,397.33538744980143,763.3509284128454,28.0,0.002844019159134586,-0.0018953952768530642,0.0006129409811791523,392.442417566787
1.0,600.2135620117188,28.0,496.5584795308948,763.3509284128454,20.0,0.0020314422565247043,-0.0007492618531044729,0.001079417113321104,466.9895768926464
1.0,600.2135620117188,29.0,595.7815716119882,763.3509284128454,22.0,0.0022345864821771747,-0.0005912824335605357,0.002049646036229941,472.64339903213965
1.0,600.2135620117188,30.0,695.0046636930816,763.3509284128454,22.0,0.0022345864821771747,-0.0018124285018638,0.0007226763733837107,450.99986115439293
1.0,600.2135620117188,31.0,794.227755774175,763.3509284128454,22.0,0.0022345864821771747,-0.0024645600998795553,0.0004843126773031799,427.37825371017976
1.0,600.2135620117188,32.0,893.4508478552683,763.3509284128454,17.0,0.0017267259180459985,-0.0036544290949301985,0.0007755366787817605,575.2092997052627
1.0,600.2135620117188,33.0,992.6739399363616,763.3509284128454,18.0,0.0018282980308722337,-0.002251384195875619,0.001970416781382907,559.3903915732055
1.0,600.2135620117188,34.0,1091.8970320174549,763.3509284128454,18.0,0.0018282980308722337,-0.001143886746041514,-0.0005340897666910898,517.2107787141483
1.0,600.2135620117188,35.0,1191.1201240985483,763.3509284128454,15.0,0.0015235816923935281,-0.00026391526900872815,0.0016251630017930711,601.0066707045953
1.0,600.2135620117188,36.0,99.66611120652131,664.127836331752,19.0,0.001929870143698469,-0.0024114879007820556,0.00041737492424271576,508.0566056395616
1.0,600.2135620117188,37.0,198.8892032876147,664.127836331752,24.0,0.002437730707829645,-0.002019667919217604,-0.0005206295881179245,454.1702137524273
1.0,600.2135620117188,38.0,298.11229536870803,664.127836331752,18.0,0.0018282980308722337,-0.0020361867071574556,-0.0018746239041679631,529.3811344556182
1.0,600.2135620117188,39.0,397.33538744980143,664.127836331752,22.0,0.0022345864821771747,-0.00122078726939622,0.0002177729700015002,444.09582223065735
1.0,600.2135620117188,40.0,496.5584795308948,664.127836331752,20.0,0.0020314422565247043,-0.0006444943018295506,0.00121511110875448,481.73483721432694
1.0,600.2135620117188,41.0,595.7815716119882,664.127836331752,24.0,0.002437730707829645,-0.001049576602634244,0.00261511557866794,419.1378975631435
1.0,600.2135620117188,42.0,695.0046636930816,664.127836331752,20.0,0.0020314422565247043,-0.0016552783723049673,0.0022029594233012864,465.5636383944896
1.0,600.2135620117188,43.0,794.227755774175,664.127836331752,26.0,0.0026408749334821155,-0.0024279841465933956,0.0017530424278828951,387.98527158964254
1.0,600.2135620117188,44.0,893.4508478552683,664.127836331752,21.0,0.0021330143693509395,-0.0030719566652165652,0.0007645450599830391,479.86980019451556
1.0,600.2135620117188,45.0,992.6739399363616,664.127836331752,23.0,0.00233615859500341,-0.0025170997149913917,0.0009750860323171767,482.58718563705753
1.0,600.2135620117188,46.0,1091.8970320174549,664.127836331752,17.0,0.0017267259180459985,-0.0029062204638045826,-0.001014465851706644,587.7600437848998
1.0,600.2135620117188,47.0,1191.1201240985483,664.127836331752,20.0,0.0020314422565247043,-0.0016071739300602462,-0.0017776197123952734,498.1172861820393
1.0,600.2135620117188,48.0,99.66611120652131,564.9047442506586,13.0,0.0013204374667410577,-0.0012593460608415648,0.0007684904378772622,572.0816504570852
1.0,600.2135620117188,49.0,198.8892032876147,564.9047442506586,19.0,0.001929870143698469,-0.002325828523622077,-0.0003351997343887578,491.69027839366095
1.0,600.2135620117188,50.0,298.11229536870803,564.9047442506586,18.0,0.0018282980308722337,-0.0021761859114431572,-0.0005695104513081492,547.8420501560346
1.0,600.2135620117188,51.0,397.33538744980143,564.9047442506586,17.0,0.0017267259180459985,-0.0024747222946904126,-0.0003878461364800143,573.7305486701372
1.0,600.2135620117188,52.0,496.5584795308948,564.9047442506586,19.0,0.001929870143698469,-0.002413362633092036,0.00012459153166539003,518.4634550296181
1.0,600.2135620117188,53.0,595.7815716119882,564.9047442506586,19.0,0.001929870143698469,-0.0010893080429948815,0.0006861822430689941,486.075471831718
1.0,600.2135620117188,54.0,695.0046636930816,564.9047442506586,18.0,0.0018282980308722337,-0.0017752834587218983,0.0014846598522448098,583.285130521742
1.0,600.2135620117188,55.0,794.227755774175,564.9047442506586,17.0,0.0017267259180459985,-0.0024777380617342025,0.0014853389089024783,540.0423633237057
1.0,600.2135620117188,56.0,893.4508478552683,564.9047442506586,14.0,0.001422009579567293,-0.0033752942642046,0.000672164134343587,616.9107889803337
1.0,600.2135620117188,57.0,992.6739399363616,564.9047442506586,19.0,0.001929870143698469,-0.004295073060703739,0.0011443892714396251,578.7698130335349
1.0,600.2135620117188,58.0,1091.8970320174549,564.9047442506586,17.0,0.0017267259180459985,-0.0033855089058236146,-0.000959076327544704,511.7721229463059
1.0,600.2135620117188,59.0,1191.1201240985483,564.9047442506586,20.0,0.0020314422565247043,-0.002777884541561548,-0.0013465694613934982,510.58104490666864
1.0,600.2135620117188,60.0,99.66611120652131,465.6816521695652,15.0,0.0015235816923935281,-0.0008859506412013028,0.0020411275071627495,681.2535602107421
1.0,600.2135620117188,61.0,198.8892032876147,465.6816521695652,17.0,0.0017267259180459985,-0.0009484113759915841,0.00036222261208938936,558.1974495616755
1.0,600.2135620117188,62.0,298.11229536870803,465.6816521695652,22.0,0.0022345864821771747,-0.0027155628662652634,-0.001062578913739832,446.6212217257096
1.0,600.2135620117188,63.0,397.33538744980143,465.6816521695652,17.0,0.0017267259180459985,-0.0032108678600494653,-0.0005362202068661001,543.9194248611776
1.0,600.2135620117188,64.0,496.5584795308948,465.6816521695652,20.0,0.0020314422565247043,-0.0030457652579798915,0.0005403344002530022,573.9244017470108
1.0,600.2135620117188,65.0,595.7815716119882,465.6816521695652,23.0,0.00233615859500341,-0.001813506558800197,0.0008410145222455664,432.70459637142534
1.0,600.2135620117188,66.0,695.0046636930816,465.6816521695652,19.0,0.001929870143698469,-0.0015571123803633596,0.0002836462527242516,543.913538634147
1.0,600.2135620117188,67.0,794.227755774175,465.6816521695652,19.0,0.001929870143698469,-0.001415472867736139,0.00040160596992121585,522.1770102606853
1.0,600.2135620117188,68.0,893.4508478552683,465.6816521695652,17.0,0.0017267259180459985,-0.003091730673529642,-3.473176495842335e-05,597.0550502914031
1.0,600.2135620117188,69.0,992.6739399363616,465.6816521695652,16.0,0.0016251538052197633,-0.004180498276250137,0.002086358345501362,581.3207975494868
1.0,600.2135620117188,70.0,1091.8970320174549,465.6816521695652,15.0,0.0015235816923935281,-0.004056315022180923,-0.0002794704311746847,631.159108477965
1.0,600.2135620117188,71.0,1191.1201240985483,465.6816521695652,20.0,0.0020314422565247043,-0.0015216529360214236,-0.0008644505838591953,513.2533592772886
1.0,600.2135620117188,72.0,99.66611120652131,366.45856008847176,18.0,0.0018282980308722337,-0.000677698754688897,0.0007806420068326274,578.179918614761
1.0,600.2135620117188,73.0,198.8892032876147,366.45856008847176,16.0,0.0016251538052197633,-0.0008491092907335378,-0.0005498828727201182,561.6481275286203
1.0,600.2135620117188,74.0,298.11229536870803,366.45856008847176,21.0,0.0021330143693509395,-0.0020997122036990174,-0.0012971863969367251,458.97615461658523
1.0,600.2135620117188,75.0,397.33538744980143,366.45856008847176,17.0,0.0017267259180459985,-0.0038639903129516883,-0.0005892005920962372,629.1774992477016
1.0,600.2135620117188,76.0,496.5584795308948,366.45856008847176,17.0,0.0017267259180459985,-0.004061639995846114,-0.0005739314045213137,508.9016062310619
1.0,600.2135620117188,77.0,595.7815716119882,366.45856008847176,19.0,0.001929870143698469,-0.0030448275640449843,0.0006218086193191671,567.4846077654715
1.0,600.2135620117188,78.0,695.0046636930816,366.45856008847176,22.0,0.0022345864821771747,-0.0015848609670842237,-0.00034075320010720344,422.4330797940131
1.0,600.2135620117188,79.0,794.227755774175,366.45856008847176,21.0,0.0021330143693509395,-0.0012677380047105568,0.0001651682487626023,435.59780491840996
1.0,600.2135620117188,80.0,893.4508478552683,366.45856008847176,21.0,0.0021330143693509395,-0.002484447234079442,0.0002803508548593241,497.11183607346237
1.0,600.2135620117188,81.0,992.6739399363616,366.45856008847176,20.0,0.0020314422565247043,-0.0019591121915491275,0.0018912446872060753,470.26395418471037
1.0,600.2135620117188,82.0,1091.8970320174549,366.45856008847176,22.0,0.0022345864821771747,-0.002383736847958137,-0.0001800312718874468,532.9265094121275
1.0,600.2135620117188,83.0,1191.1201240985483,366.45856008847176,19.0,0.001929870143698469,-0.0016969331902134458,7.626358367302461e-05,488.18797331046864
1.0,600.2135620117188,84.0,99.66611120652131,267.2354680073784,18.0,0.0018282980308722337,-0.0020273505122811405,-0.0005117910539260531,543.769616749776
1.0,600.2135620117188,85.0,198.8892032876147,267.2354680073784,20.0,0.0020314422565247043,-0.0016216479971840098,-0.00012187051277950416,502.2683515877845
1.0,600.2135620117188,86.0,298.11229536870803,267.2354680073784,19.0,0.001929870143698469,-0.002534019553745353,-0.0013452380523754854,493.0133714250891
1.0,600.2135620117188,87.0,397.33538744980143,267.2354680073784,18.0,0.0018282980308722337,-0.0037736112684411804,-0.0005015300721840049,543.4527415279633
1.0,600.2135620117188,88.0,496.5584795308948,267.2354680073784,17.0,0.0017267259180459985,-0.0037568494510860535,0.00027696000529070465,570.1144431976873
1.0,600.2135620117188,89.0,595.7815716119882,267.2354680073784,17.0,0.0017267259180459985,-0.0029090360127654443,0.0007494373897831084,556.5198748579618
1.0,600.2135620117188,90.0,695.0046636930816,267.2354680073784,24.0,0.002437730707829645,-0.001596511605871421,-0.0006772655499886906,428.14243511631884
1.0,600.2135620117188,91.0,794.227755774175,267.2354680073784,29.0,0.002945591271960821,-0.0022294301052980525,-0.0006063327360148661,356.1604648295231
1.0,600.2135620117188,92.0,893.4508478552683,267.2354680073784,18.0,0.0018282980308722337,-0.002328898393541055,0.0004013471283441529,528.4657171481595
1.0,600.2135620117188,93.0,992.6739399363616,267.2354680073784,23.0,0.00233615859500341,-0.0019168002703143588,-0.0006971922228308839,429.03068075620644
1.0,600.2135620117188,94.0,1091.8970320174549,267.2354680073784,21.0,0.0021330143693509395,-0.0009220179852883633,-0.00013844041916035606,426.77559636191273
1.0,600.2135620117188,95.0,1191.1201240985483,267.2354680073784,20.0,0.0020314422565247043,-0.0011917558517121898,-0.00046342836251999476,565.1363955954074
1.0,600.2135620117188,96.0,99.66611120652131,168.01237592628507,17.0,0.0017267259180459985,-0.002778400509706508,0.0002579148909721787,564.6840717493692
1.0,600.2135620117188,97.0,198.8892032876147,168.01237592628507,19.0,0.001929870143698469,-0.0019394764773922788,0.000767020310058845,482.65099575037465
1.0,600.2135620117188,98.0,298.11229536870803,168.01237592628507,14.0,0.001422009579567293,-0.0021221501568386425,0.00039851686158563906,664.5024294373335
1.0,600.2135620117188,99.0,397.33538744980143,168.01237592628507,19.0,0.001929870143698469,-0.0032751416184631176,-0.0009904201357809103,521.7767468226062
1.0,600.2135620117188,100.0,496.5584795308948,168.01237592628507,20.0,0.0020314422565247043,-0.0033356803700354968,-0.0009508755933876547,553.5493249844596
1.0,600.2135620117188,101.0,595.7815716119882,168.01237592628507,17.0,0.0017267259180459985,-0.0023612197890843043,0.0005492300922284808,513.6609477978944
1.0,600.2135620117188,102.0,695.0046636930816,168.01237592628507,23.0,0.00233615859500341,-0.0014881386096003526,-0.0006887579711315373,437.8205238656173
1.0,600.2135620117188,103.0,794.227755774175,168.01237592628507,23.0,0.00233615859500341,-0.0017112299210661525,0.0001999146764407206,457.0167329551352
1.0,600.2135620117188,104.0,893.4508478552683,168.01237592628507,22.0,0.0022345864821771747,-0.0014650316396437387,0.00034431479752793727,431.34399512256186
1.0,600.2135620117188,105.0,992.6739399363616,168.01237592628507,18.0,0.0018282980308722337,-0.002423110072759326,-0.0008575852577491992,565.1293539238118
1.0,600.2135620117188,106.0,1091.8970320174549,168.01237592628507,25.0,0.0025393028206558803,-0.0008338910195937671,-0.00020200456434666647,411.5237380665663
1.0,600.2135620117188,107.0,1191.1201240985483,168.01237592628507,17.0,0.0017267259180459985,-0.0011870858333251396,0.0007222960653191118,497.9663044587053
1.0,600.2135620117188,108.0,99.66611120652131,68.78928384519179,16.0,0.0016251538052197633,-0.0015091220177261997,-0.0004619499721520876,537.1167041066271
1.0,600.2135620117188,109.0,198.8892032876147,68.78928384519179,17.0,0.0017267259180459985,-0.001977142445868317,0.0003659262553989359,543.3229538554128
1.0,600.2135620117188,110.0,298.11229536870803,68.78928384519179,16.0,0.0016251538052197633,-0.002863546771525154,0.0006882421045741146,584.0670494718629
1.0,600.2135620117188,111.0,397.33538744980143,68.78928384519179,15.0,0.0015235816923935281,-0.002270858143904167,0.00045113974900938666,612.9211790447501
1.0,600.2135620117188,112.0,496.5584795308948,68.78928384519179,17.0,0.0017267259180459985,-0.0025182510133862617,-0.0008288455674934369,547.8834717536573
1.0,600.2135620117188,113.0,595.7815716119882,68.78928384519179,15.0,0.0015235816923935281,-0.002289804691484259,-0.0009852880580056916,678.3523915132575
1.0,600.2135620117188,114.0,695.0046636930816,68.78928384519179,18.0,0.0018282980308722337,-0.002241744277339775,-0.0014215479383468458,491.8724970884654
1.0,600.2135620117188,115.0,794.227755774175,68.78928384519179,19.0,0.001929870143698469,-0.001837648440411276,0.0008022412314657096,462.21532355066984
1.0,600.2135620117188,116.0,893.4508478552683,68.78928384519179,17.0,0.0017267259180459985,-0.0011421440035604856,-0.0013436256937519873,593.0910033989237
1.0,600.2135620117188,117.0,992.6739399363616,68.78928384519179,13.0,0.0013204374667410577,-0.001874728902708162,-0.001679883346597633,585.30915971634
1.0,600.2135620117188,118.0,1091.8970320174549,68.78928384519179,15.0,0.0015235816923935281,-8.358363006227154e-05,9.983196989352168e-05,683.1125615120425
1.0,600.2135620117188,119.0,1191.1201240985483,68.78928384519179,23.0,0.00233615859500341,-0.0005543638858690198,-0.0001621619855894365,402.1651728199194
2.0,1200.4271240234375,0.0,99.66611120652131,961.7971125750321,15.0,0.0015235816923935281,-0.0010101861902062702,0.00013879570743270355,616.3575147835182
2.0,1200.4271240234375,1.0,198.8892032876147,961.7971125750321,20.0,0.0020314422565247043,-0.001962128074262684,-0.0005046411452390736,469.01757831224734
2.0,1200.4271240234375,2.0,298.11229536870803,961.7971125750321,20.0,0.0020314422565247043,-0.0008412991477852857,-0.0006243001199855107,448.81150166799625
2.0,1200.4271240234375,3.0,397.33538744980143,961.7971125750321,18.0,0.0018282980308722337,-0.0012758879443485506,-0.00012202267252721273,578.7315162231013
2.0,1200.4271240234375,4.0,496.5584795308948,961.7971125750321,22.0,0.0022345864821771747,-0.0019372837569749826,0.0006297024947949592,376.0828768943313
2.0,1200.4271240234375,5.0,595.7815716119882,961.7971125750321,21.0,0.0021330143693509395,-0.0017297213341674685,-0.00039506187624953543,530.3284069441054
2.0,1200.4271240234375,6.0,695.0046636930816,961.7971125750321,18.0,0.0018282980308722337,-0.002006565467595529,0.000760976536570565,543.9456585396721
2.0,1200.4271240234375,7.0,794.227755774175,961.7971125750321,20.0,0.0020314422565247043,-0.0012111752383438174,-0.0014945113304712864,482.66433786497737
2.0,1200.4271240234375,8.0,893.4508478552683,961.7971125750321,18.0,0.0018282980308722337,-0.002889902759139172,0.0008781746570078918,488.91499501821426
2.0,1200.4271240234375,9.0,992.6739399363616,961.7971125750321,18.0,0.0018282980308722337,-0.0034304903751125717,0.000716871088050053,508.24438354878384
2.0,1200.4271240234375,10.0,1091.8970320174549,961.7971125750321,17.0,0.0017267259180459985,-0.0019464454711656722,-0.001220264664646958,571.2576792920702
2.0,1200.4271240234375,11.0,1191.1201240985483,961.7971125750321,17.0,0.0017267259180459985,0.0004304407804043702,-0.0014118208432649423,511.1632254612541
2.0,1200.4271240234375,12.0,99.66611120652131,862.5740204939387,17.0,0.0017267259180459985,-0.0011301950666093685,-0.00034840004640283737,584.5291591703398
2.0,1200.4271240234375,13.0,198.8892032876147,862.5740204939387,17.0,0.0017267259180459985,-0.0008140416089520686,0.0006216094956081191,509.435944840393
2.0,1200.4271240234375,14.0,298.11229536870803,862.5740204939387,20.0,0.0020314422565247043,0.00037553703940169854,0.0005703273847764802,490.1320305923615
2.0,1200.4271240234375,15.0,397.33538744980143,862.5740204939387,13.0,0.0013204374667410577,-0.0008044093909997898,0.00033699374369804917,718.624253036889
2.0,1200.4271240234375,16.0,496.5584795308948,862.5740204939387,23.0,0.00233615859500341,-0.0004675950379358453,0.0010050160270648032,420.17654412352937
2.0,1200.4271240234375,17.0,595.7815716119882,862.5740204939387,19.0,0.001929870143698469,-0.0010757677122976669,-0.00032301427958557176,507.16713133271935
2.0,1200.4271240234375,18.0,695.0046636930816,862.5740204939387,18.0,0.0018282980308722337,-0.0021230033990629893,-0.00043116942521561285,510.49771845945156
2.0,1200.4271240234375,19.0,794.227755774175,862.5740204939387,21.0,0.0021330143693509395,-0.0017454955719579006,-0.00031917662454699556,466.56104087838565
2.0,1200.4271240234375,20.0,893.4508478552683,862.5740204939387,18.0,0.0018282980308722337,-0.0031829309767768313,0.0006811620874983004,574.6708189361693
2.0,1200.4271240234375,21.0,992.6739399363616,862.5740204939387,17.0,0.0017267259180459985,-0.001417052608637227,-0.0009527145137508633,471.3363593471586
2.0,1200.4271240234375,22.0,1091.8970320174549,862.5740204939387,19.0,0.001929870143698469,-0.0018114629350007838,0.0001922563183005781,543.3353803346998
2.0,1200.4271240234375,23.0,1191.1201240985483,862.5740204939387,17.0,0.0017267259180459985,-0.0008265742789363718,-0.0009584849295902402,573.6062838772694
2.0,1200.4271240234375,24.0,99.66611120652131,763.3509284128454,21.0,0.0021330143693509395,-0.0028552564879836865,0.0004220603779621414,445.9893002876935
2.0,1200.4271240234375,25.0,198.8892032876147,763.3509284128454,22.0,0.0022345864821771747,-0.0015718524775955626,-0.00019358951835763002,432.31382534689743
2.0,1200.4271240234375,26.0,298.11229536870803,763.3509284128454,18.0,0.0018282980308722337,-0.0006904570066011665,6.219533395781744e-05,513.1500814272163
2.0,1200.4271240234375,27.0,397.33538744980143,763.3509284128454,28.0,0.002844019159134586,-0.0012452472870042128,5.700652121360713e-05,391.07683625373744
2.0,1200.4271240234375,28.0,496.5584795308948,763.3509284128454,21.0,0.0021330143693509395,-0.0015160843557668468,0.0010378425171498507,441.4524518738049
2.0,1200.4271240234375,29.0,595.7815716119882,763.3509284128454,22.0,0.0022345864821771747,-0.0004003786519541633,0.0009649141454518434,471.462318659929
2.0,1200.4271240234375,30.0,695.0046636930816,763.3509284128454,23.0,0.00233615859500341,-0.0005030829913147476,0.00014158370905343001,434.5691085461488
2.0,1200.4271240234375,31.0,794.227755774175,763.3509284128454,21.0,0.0021330143693509395,-0.001848932012119137,-0.001205746238377282,439.42042664186386
2.0,1200.4271240234375,32.0,893.4508478552683,763.3509284128454,16.0,0.0016251538052197633,-0.003905496148896969,-7.477682724165581e-05,575.3397777377738
2.0,1200.4271240234375,33.0,992.6739399363616,763.3509284128454,18.0,0.0018282980308722337,-0.002640501711385003,0.0007421014984433326,564.9415760145897
2.0,1200.4271240234375,34.0,1091.8970320174549,763.3509284128454,20.0,0.0020314422565247043,-0.0012400370537691428,-0.0002716237642497054,504.2329779630224
2.0,1200.4271240234375,35.0,1191.1201240985483,763.3509284128454,15.0,0.0015235816923935281,-0.001058007596612539,0.0012627688833130868,619.0474333331274
2.0,1200.4271240234375,36.0,99.66611120652131,664.127836331752,21.0,0.0021330143693509395,-0.0025134673785113283,0.00021131548287114566,502.3528516469346
2.0,1200.4271240234375,37.0,198.8892032876147,664.127836331752,23.0,0.00233615859500341,-0.0016195340353627739,-0.0003601815757628728,446.6011821859904
2.0,1200.4271240234375,38.0,298.11229536870803,664.127836331752,18.0,0.0018282980308722337,-0.0015091951368308534,-0.0027491746857414077,532.5498866737444
2.0,1200.4271240234375,39.0,397.33538744980143,664.127836331752,21.0,0.0021330143693509395,-0.0009911599255485258,-0.0002884700778984505,475.63473770616275
2.0,1200.4271240234375,40.0,496.5584795308948,664.127836331752,20.0,0.0020314422565247043,-0.0004986065459625196,0.000845204237646745,493.85003319496246
2.0,1200.4271240234375,41.0,595.7815716119882,664.127836331752,24.0,0.002437730707829645,-0.0008168116490242791,0.001565756626642539,428.2216539217718
2.0,1200.4271240234375,42.0,695.0046636930816,664.127836331752,20.0,0.0020314422565247043,-0.000940722028537341,0.0016387966312854906,463.58844951185785
2.0,1200.4271240234375,43.0,794.227755774175,664.127836331752,27.0,0.0027424470463083507,-0.0015837583735748592,0.0009050115198275969,387.1276321004061
2.0,1200.4271240234375,44.0,893.4508478552683,664.127836331752,22.0,0.0022345864821771747,-0.003311778657649114,0.002140836456924826,466.69958805329065
2.0,1200.4271240234375,45.0,992.6739399363616,664.127836331752,23.0,0.00233615859500341,-0.0018149625403593931,0.0009901988764690311,475.432234976419
2.0,1200.4271240234375,46.0,1091.8970320174549,664.127836331752,16.0,0.0016251538052197633,-0.0034601057255004243,-0.0006958865904504957,628.6408306735044
2.0,1200.4271240234375,47.0,1191.1201240985483,664.127836331752,22.0,0.0022345864821771747,-0.0025991515736658237,-0.0014919759620829138,471.75998932284364
2.0,1200.4271240234375,48.0,99.66611120652131,564.9047442506586,14.0,0.001422009579567293,-0.0010575461602063381,0.0009584468647258767,554.2298522465429
2.0,1200.4271240234375,49.0,198.8892032876147,564.9047442506586,19.0,0.001929870143698469,-0.0014306980165261789,-0.0004156406546877995,486.1644192624023
2.0,1200.4271240234375,50.0,298.11229536870803,564.9047442506586,19.0,0.001929870143698469,-0.002355347636886924,-0.0010984458333383252,525.8016180610681
2.0,1200.4271240234375,51.0,397.33538744980143,564.9047442506586,17.0,0.0017267259180459985,-0.0032639336634913522,0.0001489897756006651,600.3853467402575
2.0,1200.4271240234375,52.0,496.5584795308948,564.9047442506586,18.0,0.0018282980308722337,-0.00176423549120648,-0.0006673266222176342,517.1286258788635
2.0,1200.4271240234375,53.0,595.7815716119882,564.9047442506586,18.0,0.0018282980308722337,-0.0011167479707087104,0.0007514135325735437,497.4119454105231
2.0,1200.4271240234375,54.0,695.0046636930816,564.9047442506586,18.0,0.0018282980308722337,-0.001322132284382532,0.0007006833122180626,574.7412356521277
2.0,1200.4271240234375,55.0,794.227755774175,564.9047442506586,18.0,0.0018282980308722337,-0.0021169766632280753,0.001259076134513797,510.54466293675694
2.0,1200.4271240234375,56.0,893.4508478552683,564.9047442506586,14.0,0.001422009579567293,-0.0029636205039703725,0.00028850524489448207,621.2414170117728
2.0,1200.4271240234375,57.0,992.6739399363616,564.9047442506586,17.0,0.0017267259180459985,-0.004028250291890911,0.00013788099985386973,617.7699912624473
2.0,1200.4271240234375,58.0,1091.8970320174549,564.9047442506586,19.0,0.001929870143698469,-0.0033162139572132693,-0.00046575373146271994,503.0644310924086
2.0,1200.4271240234375,59.0,1191.1201240985483,564.9047442506586,19.0,0.001929870143698469,-0.002445420983799533,-0.002690288286953061,499.795613014763
2.0,1200.4271240234375,60.0,99.66611120652131,465.6816521695652,15.0,0.0015235816923935281,2.0366919457485786e-05,0.002745959859974071,663.480381102852
2.0,1200.4271240234375,61.0,198.8892032876147,465.6816521695652,17.0,0.0017267259180459985,0.00012259064031098477,-0.0009718452655744007,558.7939205674404
2.0,1200.4271240234375,62.0,298.11229536870803,465.6816521695652,23.0,0.00233615859500341,-0.0019805589839859894,-0.001221991898974097,435.992750847046
2.0,1200.4271240234375,63.0,397.33538744980143,465.6816521695652,16.0,0.0016251538052197633,-0.002933250211330774,-0.0008887842009744234,512.189186657368
2.0,1200.4271240234375,64.0,496.5584795308948,465.6816521695652,20.0,0.0020314422565247043,-0.002698855126964857,-0.0003246318675362823,580.8956566268884
2.0,1200.4271240234375,65.0,595.7815716119882,465.6816521695652,24.0,0.002437730707829645,-0.0018597088733883589,0.0002856450339737004,428.8730085443867
2.0,1200.4271240234375,66.0,695.0046636930816,465.6816521695652,18.0,0.0018282980308722337,-0.000692548623843252,0.0002530882771133123,566.9367163000763
2.0,1200.4271240234375,67.0,794.227755774175,465.6816521695652,18.0,0.0018282980308722337,-0.0014626517124921594,0.0006835150583386942,548.3819116450488
2.0,1200.4271240234375,68.0,893.4508478552683,465.6816521695652,18.0,0.0018282980308722337,-0.002809142167342735,0.00024313822222630688,595.3498611892743
2.0,1200.4271240234375,69.0,992.6739399363616,465.6816521695652,16.0,0.0016251538052197633,-0.0018003394682728643,0.0004981845573584407,592.7415086689834
2.0,1200.4271240234375,70.0,1091.8970320174549,465.6816521695652,14.0,0.001422009579567293,-0.0030565242406312156,-0.0009389305632890847,605.8050669206152
2.0,1200.4271240234375,71.0,1191.1201240985483,465.6816521695652,20.0,0.0020314422565247043,-0.0012566922273935797,-0.000997285082125193,514.3624225536331
2.0,1200.4271240234375,72.0,99.66611120652131,366.45856008847176,18.0,0.0018282980308722337,0.00017155687204465178,2.4337919976894626e-05,577.5344320518094
2.0,1200.4271240234375,73.0,198.8892032876147,366.45856008847176,16.0,0.0016251538052197633,-0.0008463527700413326,-0.0008426837726547322,551.666558041523
2.0,1200.4271240234375,74.0,298.11229536870803,366.45856008847176,22.0,0.0022345864821771747,-0.001679582158218723,-0.0016709914513870743,470.8861818929969
2.0,1200.4271240234375,75.0,397.33538744980143,366.45856008847176,16.0,0.0016251538052197633,-0.0025648696350033086,-0.0006098772397307023,609.879176915349
2.0,1200.4271240234375,76.0,496.5584795308948,366.45856008847176,16.0,0.0016251538052197633,-0.0033194391947305437,-4.2364675668406725e-05,516.5066115545648
2.0,1200.4271240234375,77.0,595.7815716119882,366.45856008847176,18.0,0.0018282980308722337,-0.003626429357386931,0.0011962069953269574,601.6286850288946
2.0,1200.4271240234375,78.0,695.0046636930816,366.45856008847176,22.0,0.0022345864821771747,-0.002192133974430636,-0.0005984135784326224,424.2191037715024
2.0,1200.4271240234375,79.0,794.227755774175,366.45856008847176,22.0,0.0022345864821771747,-0.000989769407443824,4.817208329796281e-05,439.6211600074854
2.0,1200.4271240234375,80.0,893.4508478552683,366.45856008847176,21.0,0.0021330143693509395,-0.0020107484192048164,-0.0001001134078865219,500.3308859458446
2.0,1200.4271240234375,81.0,992.6739399363616,366.45856008847176,22.0,0.0022345864821771747,-0.0023755895447209376,0.001132357023522594,468.29356644180274
2.0,1200.4271240234375,82.0,1091.8970320174549,366.45856008847176,20.0,0.0020314422565247043,-0.002229882482801308,-0.0004716376626864742,523.6996790897113
2.0,1200.4271240234375,83.0,1191.1201240985483,366.45856008847176,20.0,0.0020314422565247043,-0.001713263282073876,-0.0008764066592737412,455.0645060450982
2.0,1200.4271240234375,84.0,99.66611120652131,267.2354680073784,19.0,0.001929870143698469,-0.0008908423633680105,-0.0007960188527563409,544.7807760833185
2.0,1200.4271240234375,85.0,198.8892032876147,267.2354680073784,19.0,0.001929870143698469,-0.0007972759995537572,-0.0011157649066289499,497.3940323862879
2.0,1200.4271240234375,86.0,298.11229536870803,267.2354680073784,20.0,0.0020314422565247043,-0.0012799185494085947,-0.0015936793002674942,490.0369680258176
2.0,1200.4271240234375,87.0,397.33538744980143,267.2354680073784,16.0,0.0016251538052197633,-0.002581043227487571,-0.000765421783725351,558.2813282968611
2.0,1200.4271240234375,88.0,496.5584795308948,267.2354680073784,16.0,0.0016251538052197633,-0.004150645408364736,0.0006846276955811723,608.5324572226455
2.0,1200.4271240234375,89.0,595.7815716119882,267.2354680073784,16.0,0.0016251538052197633,-0.0026943159404035533,0.0002990217218734349,560.3278141044011
2.0,1200.4271240234375,90.0,695.0046636930816,267.2354680073784,23.0,0.00233615859500341,-0.002192703666913766,-0.00043609992476829977,446.61036697502806
2.0,1200.4271240234375,91.0,794.227755774175,267.2354680073784,29.0,0.002945591271960821,-0.0022189786835285163,-0.0006415187500721032,354.2227910593586
2.0,1200.4271240234375,92.0,893.4508478552683,267.2354680073784,19.0,0.001929870143698469,-0.0019328653070028162,-0.0002706248807562537,529.3483968596024
2.0,1200.4271240234375,93.0,992.6739399363616,267.2354680073784,23.0,0.00233615859500341,-0.0017920502715331771,-0.0009181383660157755,436.7550883372039
2.0,1200.4271240234375,94.0,1091.8970320174549,267.2354680073784,21.0,0.0021330143693509395,-0.0005953225897463709,-0.0007781863882384951,430.32661075238417
2.0,1200.4271240234375,95.0,1191.1201240985483,267.2354680073784,19.0,0.001929870143698469,-0.0009387825813600995,-0.0006024596314197323,544.0024860648316
2.0,1200.4271240234375,96.0,99.66611120652131,168.01237592628507,17.0,0.0017267259180459985,-0.0023265110880201882,-0.0005923785736840274,569.7416488190843
2.0,1200.4271240234375,97.0,198.8892032876147,168.01237592628507,20.0,0.0020314422565247043,-0.001363651234098793,6.0114273937128565e-06,461.89844832885717
2.0,1200.4271240234375,98.0,298.11229536870803,168.01237592628507,16.0,0.0016251538052197633,-0.0022748458443368792,-0.0011392970217668197,665.2399187928617
2.0,1200.4271240234375,99.0,397.33538744980143,168.01237592628507,21.0,0.0021330143693509395,-0.00261211067117099,-0.001643656329702545,527.3809644047057
2.0,1200.4271240234375,100.0,496.5584795308948,168.01237592628507,19.0,0.001929870143698469,-0.002761236507936875,-0.0019255372855102103,524.1783274510808
2.0,1200.4271240234375,101.0,595.7815716119882,168.01237592628507,18.0,0.0018282980308722337,-0.0017227503183061068,-0.00023606825720784782,531.2706496671676
2.0,1200.4271240234375,102.0,695.0046636930816,168.01237592628507,22.0,0.0022345864821771747,-0.001853166625726942,-0.0007627326070742522,426.8597306199409
2.0,1200.4271240234375,103.0,794.227755774175,168.01237592628507,23.0,0.00233615859500341,-0.0006340613485152666,-0.0003923037592267225,460.17630038422345
2.0,1200.4271240234375,104.0,893.4508478552683,168.01237592628507,20.0,0.0020314422565247043,-0.0017060129211464916,-0.00012581716568376813,427.77098693963836
2.0,1200.4271240234375,105.0,992.6739399363616,168.01237592628507,18.0,0.0018282980308722337,-0.0014416370115795626,-0.0017229698122678769,578.273807569372
2.0,1200.4271240234375,106.0,1091.8970320174549,168.01237592628507,24.0,0.002437730707829645,-3.535201824396106e-05,-0.00029933230127578283,422.4914936606604
2.0,1200.4271240234375,107.0,1191.1201240985483,168.01237592628507,18.0,0.0018282980308722337,-0.0006171910215480771,-2.3358686128707084e-06,523.2666162865675
2.0,1200.4271240234375,108.0,99.66611120652131,68.78928384519179,15.0,0.0015235816923935281,-0.001832751826217187,-0.0009381486535676896,547.574466635393
2.0,1200.4271240234375,109.0,198.8892032876147,68.78928384519179,17.0,0.0017267259180459985,-0.0020292852890626124,-0.00029083255631414957,545.733690837046
2.0,1200.4271240234375,110.0,298.11229536870803,68.78928384519179,15.0,0.0015235816923935281,-0.002713668560870873,8.086034209829908e-05,544.3493810445
2.0,1200.4271240234375,111.0,397.33538744980143,68.78928384519179,17.0,0.0017267259180459985,-0.0020212899886531068,-0.0007977407332786871,585.2250420103987
2.0,1200.4271240234375,112.0,496.5584795308948,68.78928384519179,15.0,0.0015235816923935281,-0.002218401503560783,-0.0011977825559114036,573.4314847353023
2.0,1200.4271240234375,113.0,595.7815716119882,68.78928384519179,15.0,0.0015235816923935281,-0.002472756115536111,-0.0017626679728732094,684.8307293814264
2.0,1200.4271240234375,114.0,695.0046636930816,68.78928384519179,18.0,0.0018282980308722337,-0.002599875247607643,-0.0006790209681125742,495.745416466175
2.0,1200.4271240234375,115.0,794.227755774175,68.78928384519179,20.0,0.0020314422565247043,-0.001642865655228979,0.001106872214324054,466.71495170040896
2.0,1200.4271240234375,116.0,893.4508478552683,68.78928384519179,16.0,0.0016251538052197633,-0.0011701403829497876,-0.0011280631396849558,597.7454965467743
2.0,1200.4271240234375,117.0,992.6739399363616,68.78928384519179,13.0,0.0013204374667410577,-0.002058335640625077,-0.002264087114192529,621.3029349119782
2.0,1200.4271240234375,118.0,1091.8970320174549,68.78928384519179,16.0,0.0016251538052197633,0.0012912887776733058,-0.0013954599555890358,661.1337440435398
2.0,1200.4271240234375,119.0,1191.1201240985483,68.78928384519179,26.0,0.0026408749334821155,9.32939352730111e-05,-0.000820319021682991,371.30463491319887
3.0,1800.6406860351562,0.0,99.66611120652131,961.7971125750321,15.0,0.0015235816923935281,-0.0010101861902062702,0.00013879570743270355,612.202928541975
3.0,1800.6406860351562,1.0,198.8892032876147,961.7971125750321,22.0,0.0022345864821771747,-0.0019469215606206648,-0.0004895350515009976,444.3838906141236
3.0,1800.6406860351562,2.0,298.11229536870803,961.7971125750321,18.0,0.0018282980308722337,-0.0008536504307624542,-0.0006375123909319251,456.13601373959796
3.0,1800.6406860351562,3.0,397.33538744980143,961.7971125750321,19.0,0.001929870143698469,-0.0012743955428260664,1.0448031311951107e-05,566.5506597432869
3.0,1800.6406860351562,4.0,496.5584795308948,961.7971125750321,23.0,0.00233615859500341,-0.0019471796413413137,0.000601884105561474,386.7439120250389
3.0,1800.6406860351562,5.0,595.7815716119882,961.7971125750321,19.0,0.001929870143698469,-0.0017007714010585187,-0.00048295131973935345,536.8978100389277
3.0,1800.6406860351562,6.0,695.0046636930816,961.7971125750321,17.0,0.0017267259180459985,-0.0022227006674393457,0.0006724085095184851,553.3635491191226
3.0,1800.6406860351562,7.0,794.227755774175,961.7971125750321,22.0,0.0022345864821771747,-0.0012111752383438177,-0.0014945113304712864,464.8943595169036
3.0,1800.6406860351562,8.0,893.4508478552683,961.7971125750321,18.0,0.0018282980308722337,-0.0028899027591391723,0.0008781746570078917,512.1994557617783
3.0,1800.6406860351562,9.0,992.6739399363616,961.7971125750321,18.0,0.0018282980308722337,-0.0034850194814906445,0.0007341327874608403,500.05257225896156
3.0,1800.6406860351562,10.0,1091.8970320174549,961.7971125750321,17.0,0.0017267259180459985,-0.002662726771311886,-0.0014050185762990628,552.903769385512
3.0,1800.6406860351562,11.0,1191.1201240985483,961.7971125750321,18.0,0.0018282980308722337,0.00043044078040437007,-0.0014118208432649423,498.42125167259263
3.0,1800.6406860351562,12.0,99.66611120652131,862.5740204939387,16.0,0.0016251538052197633,-0.0011838366043788288,-0.0002833517178032602,590.9590855462873
3.0,1800.6406860351562,13.0,198.8892032876147,862.5740204939387,18.0,0.0018282980308722337,-0.0007892788118076864,0.0006983488732491182,495.1234021418763
3.0,1800.6406860351562,14.0,298.11229536870803,862.5740204939387,21.0,0.0021330143693509395,0.0003663455654206056,0.0005039610242539771,489.7884976137929
3.0,1800.6406860351562,15.0,397.33538744980143,862.5740204939387,12.0,0.0012188653539148225,-0.0007674824806313259,0.0001654998306381448,739.9036429324593
3.0,1800.6406860351562,16.0,496.5584795308948,862.5740204939387,23.0,0.00233615859500341,-0.0004675950379358453,0.0010050160270648032,422.0318715092148
3.0,1800.6406860351562,17.0,595.7815716119882,862.5740204939387,19.0,0.001929870143698469,-0.0010757677122976669,-0.00032301427958557176,496.9826505193734
3.0,1800.6406860351562,18.0,695.0046636930816,862.5740204939387,18.0,0.0018282980308722337,-0.0021230033990629893,-0.0004311694252156129,521.6235595808721
3.0,1800.6406860351562,19.0,794.227755774175,862.5740204939387,21.0,0.0021330143693509395,-0.0020212462113251297,-6.258396531592186e-05,478.0490251104494
3.0,1800.6406860351562,20.0,893.4508478552683,862.5740204939387,18.0,0.0018282980308722337,-0.002877946341081656,0.00042342889558791443,563.134213638325
3.0,1800.6406860351562,21.0,992.6739399363616,862.5740204939387,17.0,0.0017267259180459985,-0.0014170526086372268,-0.0009527145137508635,475.05187665390247
3.0,1800.6406860351562,22.0,1091.8970320174549,862.5740204939387,18.0,0.0018282980308722337,-0.0019475889385493187,9.796296470880737e-05,555.8343474173084
3.0,1800.6406860351562,23.0,1191.1201240985483,862.5740204939387,18.0,0.0018282980308722337,-0.0007451643118358601,-0.0008002615066712018,548.276286571111
3.0,1800.6406860351562,24.0,99.66611120652131,763.3509284128454,22.0,0.0022345864821771747,-0.002661324093250068,0.0003490030952220601,433.3988829246193
3.0,1800.6406860351562,25.0,198.8892032876147,763.3509284128454,22.0,0.0022345864821771747,-0.001612245287970064,-0.0003346896836657549,430.7966651939765
3.0,1800.6406860351562,26.0,298.11229536870803,763.3509284128454,17.0,0.0017267259180459985,-0.0006571337076605167,0.00013063537381608007,532.2758137694752
3.0,1800.6406860351562,27.0,397.33538744980143,763.3509284128454,29.0,0.002945591271960821,-0.0012771866544985823,1.8513015668395276e-05,390.4704026395788
3.0,1800.6406860351562,28.0,496.5584795308948,763.3509284128454,22.0,0.0022345864821771747,-0.0014784885257694766,0.0009581236900208003,441.877695677969
3.0,1800.6406860351562,29.0,595.7815716119882,763.3509284128454,20.0,0.0020314422565247043,-0.0007418490747691556,0.0010354852516256585,465.6164509314587
3.0,1800.6406860351562,30.0,695.0046636930816,763.3509284128454,23.0,0.00233615859500341,-0.0010434773137466332,0.00034331964343530186,426.00888516268907
3.0,1800.6406860351562,31.0,794.227755774175,763.3509284128454,22.0,0.0022345864821771747,-0.0011884301036289738,-0.0015059041242977923,433.0532008644602
3.0,1800.6406860351562,32.0,893.4508478552683,763.3509284128454,15.0,0.0015235816923935281,-0.004039552747355394,-0.00011655207517372708,585.6699099688652
3.0,1800.6406860351562,33.0,992.6739399363616,763.3509284128454,18.0,0.0018282980308722337,-0.002640501711385003,0.0007421014984433326,567.5352583857225
3.0,1800.6406860351562,34.0,1091.8970320174549,763.3509284128454,19.0,0.001929870143698469,-0.0012400370537691428,-0.0002716237642497054,535.519124863322
3.0,1800.6406860351562,35.0,1191.1201240985483,763.3509284128454,14.0,0.001422009579567293,-0.0012475015700565675,0.0014468128583977184,639.1222330997706
3.0,1800.6406860351562,36.0,99.66611120652131,664.127836331752,21.0,0.0021330143693509395,-0.0025134673785113283,0.00021131548287114566,497.3935029372958
3.0,1800.6406860351562,37.0,198.8892032876147,664.127836331752,23.0,0.00233615859500341,-0.0016195340353627739,-0.0003601815757628728,452.37841449092156
3.0,1800.6406860351562,38.0,298.11229536870803,664.127836331752,17.0,0.0017267259180459985,-0.001516567771707789,-0.0027162662258005186,549.4864875816503
3.0,1800.6406860351562,39.0,397.33538744980143,664.127836331752,22.0,0.0022345864821771747,-0.0009336389675916374,-0.0001590658150795094,462.84907399429517
3.0,1800.6406860351562,40.0,496.5584795308948,664.127836331752,20.0,0.0020314422565247043,-0.0007983812134063104,0.000543665635717023,498.99397429572093
3.0,1800.6406860351562,41.0,595.7815716119882,664.127836331752,24.0,0.002437730707829645,-0.0005669994261544533,0.0018170387949173073,435.9498884982019
3.0,1800.6406860351562,42.0,695.0046636930816,664.127836331752,21.0,0.0021330143693509395,-0.0009637053335128003,0.001640232916378124,450.2746604303023
3.0,1800.6406860351562,43.0,794.227755774175,664.127836331752,28.0,0.002844019159134586,-0.0015837583735748592,0.0009050115198275969,373.4827167949988
3.0,1800.6406860351562,44.0,893.4508478552683,664.127836331752,22.0,0.0022345864821771747,-0.0032332246422476533,0.0022809624574172227,468.17833908841624
3.0,1800.6406860351562,45.0,992.6739399363616,664.127836331752,22.0,0.0022345864821771747,-0.0018733123444801937,0.0009697837416948362,476.4074925760955
3.0,1800.6406860351562,46.0,1091.8970320174549,664.127836331752,16.0,0.0016251538052197633,-0.0034601057255004243,-0.0006958865904504957,623.6896553326819
3.0,1800.6406860351562,47.0,1191.1201240985483,664.127836331752,21.0,0.0021330143693509395,-0.0025938316641119998,-0.001388363059811813,480.28224095941454
3.0,1800.6406860351562,48.0,99.66611120652131,564.9047442506586,15.0,0.0015235816923935281,-0.0008683074078437453,0.0007534610547550661,610.3157605542907
3.0,1800.6406860351562,49.0,198.8892032876147,564.9047442506586,19.0,0.001929870143698469,-0.0014306980165261789,-0.0004156406546877995,492.3129104084507
3.0,1800.6406860351562,50.0,298.11229536870803,564.9047442506586,20.0,0.0020314422565247043,-0.0029785052454370043,-0.001121452489870036,516.4326740028083
3.0,1800.6406860351562,51.0,397.33538744980143,564.9047442506586,17.0,0.0017267259180459985,-0.002651932591296301,-0.00012857046158696326,604.2002758812953
3.0,1800.6406860351562,52.0,496.5584795308948,564.9047442506586,18.0,0.0018282980308722337,-0.001742581893257921,-0.0005446913424353836,503.057018806518
3.0,1800.6406860351562,53.0,595.7815716119882,564.9047442506586,18.0,0.0018282980308722337,-0.0011167479707087104,0.0007514135325735437,499.7004886791697
3.0,1800.6406860351562,54.0,695.0046636930816,564.9047442506586,17.0,0.0017267259180459985,-0.0013161770403449168,0.0006437259412761378,587.3872494062966
3.0,1800.6406860351562,55.0,794.227755774175,564.9047442506586,18.0,0.0018282980308722337,-0.0021169766632280758,0.001259076134513797,515.6029303664326
3.0,1800.6406860351562,56.0,893.4508478552683,564.9047442506586,15.0,0.0015235816923935281,-0.0029166761496079415,0.00015970888394608966,608.8370095191652
3.0,1800.6406860351562,57.0,992.6739399363616,564.9047442506586,16.0,0.0016251538052197633,-0.003964654312070813,0.0003422598510754802,595.1576822353047
3.0,1800.6406860351562,58.0,1091.8970320174549,564.9047442506586,19.0,0.001929870143698469,-0.00335483881555003,-0.0006339118365102664,525.8794470629165
3.0,1800.6406860351562,59.0,1191.1201240985483,564.9047442506586,20.0,0.0020314422565247043,-0.0023749359000460797,-0.0026906614018167426,476.59089611356904
3.0,1800.6406860351562,60.0,99.66611120652131,465.6816521695652,14.0,0.001422009579567293,2.0366919457485712e-05,0.002745959859974071,698.3326316898994
3.0,1800.6406860351562,61.0,198.8892032876147,465.6816521695652,17.0,0.0017267259180459985,0.00010452919743987661,-0.0008973898278972198,496.11475904497627
3.0,1800.6406860351562,62.0,298.11229536870803,465.6816521695652,23.0,0.00233615859500341,-0.0019917451874975826,-0.0011962550678438694,441.88020062043387
3.0,1800.6406860351562,63.0,397.33538744980143,465.6816521695652,16.0,0.0016251538052197633,-0.0028826406429868752,-0.0008685778589709692,545.5931162901143
3.0,1800.6406860351562,64.0,496.5584795308948,465.6816521695652,19.0,0.001929870143698469,-0.0027319543247175744,-0.0003852703277761764,583.1060002793917
3.0,1800.6406860351562,65.0,595.7815716119882,465.6816521695652,24.0,0.002437730707829645,-0.001859708873388359,0.0002856450339737003,437.446243712317
3.0,1800.6406860351562,66.0,695.0046636930816,465.6816521695652,17.0,0.0017267259180459985,-0.0011004007708879779,0.0011205796761220093,572.5003272207471
3.0,1800.6406860351562,67.0,794.227755774175,465.6816521695652,18.0,0.0018282980308722337,-0.0014626517124921596,0.0006835150583386942,543.2766997380676
3.0,1800.6406860351562,68.0,893.4508478552683,465.6816521695652,18.0,0.0018282980308722337,-0.002809142167342735,0.00024313822222630686,592.5331925509397
3.0,1800.6406860351562,69.0,992.6739399363616,465.6816521695652,17.0,0.0017267259180459985,-0.0019912480859634297,0.0002846336645907738,591.6868112395191
3.0,1800.6406860351562,70.0,1091.8970320174549,465.6816521695652,14.0,0.001422009579567293,-0.0030565242406312156,-0.0009389305632890847,605.9559598833831
3.0,1800.6406860351562,71.0,1191.1201240985483,465.6816521695652,19.0,0.001929870143698469,-0.0012751385377041632,-0.0009320758814356439,524.2561564529296
3.0,1800.6406860351562,72.0,99.66611120652131,366.45856008847176,18.0,0.0018282980308722337,0.00017155687204465175,2.4337919976894626e-05,587.3575639280003
3.0,1800.6406860351562,73.0,198.8892032876147,366.45856008847176,18.0,0.0018282980308722337,-0.000834717017092504,-0.001020105837088963,544.0278113749569
3.0,1800.6406860351562,74.0,298.11229536870803,366.45856008847176,21.0,0.0021330143693509395,-0.001669331988931402,-0.0016212371187523482,475.2625350646687
3.0,1800.6406860351562,75.0,397.33538744980143,366.45856008847176,16.0,0.0016251538052197633,-0.0025648696350033086,-0.0006098772397307023,589.1370530208649
3.0,1800.6406860351562,76.0,496.5584795308948,366.45856008847176,18.0,0.0018282980308722337,-0.0033194391947305437,-4.236467566840671e-05,463.17768533543403
3.0,1800.6406860351562,77.0,595.7815716119882,366.45856008847176,20.0,0.0020314422565247043,-0.0036336980526277657,0.001119584655501792,564.8300828809889
3.0,1800.6406860351562,78.0,695.0046636930816,366.45856008847176,24.0,0.002437730707829645,-0.0017096467724122646,-0.0011425724823512623,396.3932983085936
3.0,1800.6406860351562,79.0,794.227755774175,366.45856008847176,22.0,0.0022345864821771747,-0.0009897694074438243,4.817208329796281e-05,440.3029218483549
3.0,1800.6406860351562,80.0,893.4508478552683,366.45856008847176,20.0,0.0020314422565247043,-0.002026291012966875,-5.8672231232699956e-05,479.6962732873325
3.0,1800.6406860351562,81.0,992.6739399363616,366.45856008847176,22.0,0.0022345864821771747,-0.0023755895447209376,0.001132357023522594,480.76692744588104
3.0,1800.6406860351562,82.0,1091.8970320174549,366.45856008847176,19.0,0.001929870143698469,-0.002302339008125568,-0.00044745979561342897,532.2614252145113
3.0,1800.6406860351562,83.0,1191.1201240985483,366.45856008847176,21.0,0.0021330143693509395,-0.0016748322844271437,-0.0009411615752714977,454.96240180695895
3.0,1800.6406860351562,84.0,99.66611120652131,267.2354680073784,18.0,0.0018282980308722337,-0.0007360710946327412,-0.0008131263295935237,523.9121028495189
3.0,1800.6406860351562,85.0,198.8892032876147,267.2354680073784,18.0,0.0018282980308722337,-0.0007154085006759887,-0.001078708233305195,525.2148120947485
3.0,1800.6406860351562,86.0,298.11229536870803,267.2354680073784,21.0,0.0021330143693509395,-0.0013804733522966013,-0.0015474581242399582,498.0071343192186
3.0,1800.6406860351562,87.0,397.33538744980143,267.2354680073784,15.0,0.0015235816923935281,-0.0025270081486496276,-0.0007749142623944249,549.8982182620185
3.0,1800.6406860351562,88.0,496.5584795308948,267.2354680073784,17.0,0.0017267259180459985,-0.004109612495261101,0.0006128732416631041,614.5266801686007
3.0,1800.6406860351562,89.0,595.7815716119882,267.2354680073784,15.0,0.0015235816923935281,-0.0026437312773902604,0.00035463637140006296,563.1647275485736
3.0,1800.6406860351562,90.0,695.0046636930816,267.2354680073784,23.0,0.00233615859500341,-0.002192703666913766,-0.0004360999247682997,445.2785725645113
3.0,1800.6406860351562,91.0,794.227755774175,267.2354680073784,29.0,0.002945591271960821,-0.0022517818472756745,-0.0006553930527247268,360.5384420320376
3.0,1800.6406860351562,92.0,893.4508478552683,267.2354680073784,18.0,0.0018282980308722337,-0.0019156914298788152,-0.0002023665915873034,551.9966363975777
3.0,1800.6406860351562,93.0,992.6739399363616,267.2354680073784,23.0,0.00233615859500341,-0.0017920502715331771,-0.0009181383660157755,439.3727532130472
3.0,1800.6406860351562,94.0,1091.8970320174549,267.2354680073784,22.0,0.0022345864821771747,-0.0006070446766506434,-0.0007851332404583061,434.77200888580734
3.0,1800.6406860351562,95.0,1191.1201240985483,267.2354680073784,18.0,0.0018282980308722337,-0.0011037908792078887,-0.0005195768417059106,539.180794093157
3.0,1800.6406860351562,96.0,99.66611120652131,168.01237592628507,19.0,0.001929870143698469,-0.0023265110880201882,-0.0005923785736840275,518.9749027560524
3.0,1800.6406860351562,97.0,198.8892032876147,168.01237592628507,20.0,0.0020314422565247043,-0.0014196829154517695,-6.29111053015841e-06,498.8249741774208
3.0,1800.6406860351562,98.0,298.11229536870803,168.01237592628507,15.0,0.0015235816923935281,-0.00226088324321545,-0.0011992475344790269,607.386425170423
3.0,1800.6406860351562,99.0,397.33538744980143,168.01237592628507,21.0,0.0021330143693509395,-0.00261211067117099,-0.001643656329702545,529.2419776121766
3.0,1800.6406860351562,100.0,496.5584795308948,168.01237592628507,19.0,0.001929870143698469,-0.002761236507936875,-0.0019255372855102103,535.9638620167428
3.0,1800.6406860351562,101.0,595.7815716119882,168.01237592628507,18.0,0.0018282980308722337,-0.001722750318306107,-0.00023606825720784782,535.2844024767938
3.0,1800.6406860351562,102.0,695.0046636930816,168.01237592628507,23.0,0.00233615859500341,-0.001853166625726942,-0.0007627326070742522,428.40611510161926
3.0,1800.6406860351562,103.0,794.227755774175,168.01237592628507,22.0,0.0022345864821771747,-0.0010172618160838366,-0.000256000888095107,449.3674736480856
3.0,1800.6406860351562,104.0,893.4508478552683,168.01237592628507,21.0,0.0021330143693509395,-0.001689967003750894,-0.00015206973090313224,425.20630954912633
3.0,1800.6406860351562,105.0,992.6739399363616,168.01237592628507,18.0,0.0018282980308722337,-0.0014416370115795626,-0.0017229698122678769,560.1062948521155
3.0,1800.6406860351562,106.0,1091.8970320174549,168.01237592628507,23.0,0.00233615859500341,-0.00010305675116295378,-0.0002855517493057409,442.16492908061343
3.0,1800.6406860351562,107.0,1191.1201240985483,168.01237592628507,18.0,0.0018282980308722337,-0.0006171910215480771,-2.3358686128707084e-06,525.2500204527275
3.0,1800.6406860351562,108.0,99.66611120652131,68.78928384519179,15.0,0.0015235816923935281,-0.001832751826217187,-0.0009381486535676896,552.7712202731198
3.0,1800.6406860351562,109.0,198.8892032876147,68.78928384519179,17.0,0.0017267259180459985,-0.0021570210602117283,-0.0003518988868506976,569.4185603576283
3.0,1800.6406860351562,110.0,298.11229536870803,68.78928384519179,15.0,0.0015235816923935281,-0.0026992571949415968,8.903616578692171e-05,521.8582819674
3.0,1800.6406860351562,111.0,397.33538744980143,68.78928384519179,18.0,0.0018282980308722337,-0.0020212899886531068,-0.0007977407332786871,549.285592833181
3.0,1800.6406860351562,112.0,496.5584795308948,68.78928384519179,15.0,0.0015235816923935281,-0.002218401503560783,-0.0011977825559114036,563.0943108326152
3.0,1800.6406860351562,113.0,595.7815716119882,68.78928384519179,14.0,0.001422009579567293,-0.0023558770435305443,-0.0018793320911392884,730.4275648706342
3.0,1800.6406860351562,114.0,695.0046636930816,68.78928384519179,19.0,0.001929870143698469,-0.0025860076444945454,-0.0005970486531821361,446.78294432695367
3.0,1800.6406860351562,115.0,794.227755774175,68.78928384519179,20.0,0.0020314422565247043,-0.001134540459140211,0.0009278629138784499,473.9502692651305
3.0,1800.6406860351562,116.0,893.4508478552683,68.78928384519179,16.0,0.0016251538052197633,-0.0011701403829497876,-0.0011280631396849558,605.4297206757303
3.0,1800.6406860351562,117.0,992.6739399363616,68.78928384519179,13.0,0.0013204374667410577,-0.002058335640625077,-0.002264087114192529,644.8492013943619
3.0,1800.6406860351562,118.0,1091.8970320174549,68.78928384519179,16.0,0.0016251538052197633,0.0012912887776733058,-0.0013954599555890358,669.0028120518864
3.0,1800.6406860351562,119.0,1191.1201240985483,68.78928384519179,25.0,0.0025393028206558803,0.00027532149971483226,-0.00044828159755684176,376.1942633359384
